Positive,Negative
share,drill
forecast,production
trading,builder
revenue,seat
plunge,field
earning,want
credit,supply
debt,foreign
stock,contract
announce,land
tumble,barrel
fall,export
utility,boost
volatility,exploration
loss,refining
hurt,crude
income,gift
jump,aircraft
deal,drilling
meat,taxpayer
disappointing,oversee
slide,military
weakness,packaging
affect,bonus
close,missile
outlook,issuance
song,need
plummet,defense
sink,mining
takeover,aluminum
transaction,experience
combine,improve
selloff,refiner
loan,price
value,national
expense,steel
default,physical
reject,partnership
conference,manufacturer
telecom,produce
restructuring,building
result,unit
short,airline
fraud,brokerage
face,benefit
cash,offering
shareholder,advantage
climate,gasoline
interview,truck
miss,joint
projection,gain
fear,partly
company,policy
surge,inch
acquisition,site
downgrade,miner
slip,recover
investigator,refinery
financing,interest
uncertainty,exemption
imply,presentation
news,issue
buyout,vehicle
anticipate,rocket
volatile,tool
cloud,terminal
lower,aerospace
expectation,plant
speculation,dominant
bank,extract
speed,online
provider,administration
exclude,lift
range,traffic
charge,fuel
overseas,restrict
letter,participate
representative,increase
spending,wear
trouble,chemical
software,fighter
weak,look
wake,demand
turmoil,tanker
merger,employer
caution,plane
bankruptcy,broker
hostile,individual
reaction,president
interim,producer
electricity,potential
freight,soldier
membership,rally
book,suit
premium,league
food,goal
guidance,passenger
profit,diesel
review,award
spark,planning
delay,domestic
compile,venture
collapse,simply
stem,child
victim,accord
delivery,plan
analyst,commercial
restaurant,peer
portfolio,track
call,head
prepared,recovery
character,list
blame,build
report,confirm
filing,exchange
disclosure,article
slowdown,resource
bail,weather
telecommunication,proxy
base,pack
swap,cost
closing,theater
confident,commodity
specify,competition
probe,shopper
investigation,iron
possible,code
chop,clearing
timetable,launch
party,construction
impact,industry
associate,wrap
instal,tear
slump,author
junk,retirement
transmission,cover
familiar,lack
refinance,mark
bulk,energy
subsequent,pulp
cautious,artistic
watch,aluminium
nursing,casino
trial,safety
antitrust,environmental
incorrectly,mission
option,luxury
generic,project
customer,optimism
wholesale,fight
announcement,exercise
pioneer,veteran
operating,order
vendor,inventory
fish,impose
send,troop
music,bathroom
disease,team
function,consumer
adoption,evidence
appear,term
painful,housing
network,fund
suspend,coal
stockholder,calendar
composite,appeal
worsen,date
repay,variation
strategic,specialist
saving,generally
combination,stake
later,chip
blood,great
machine,unemployment
sale,ultra
sort,metal
churn,derivative
unsolicited,number
advisory,ratio
cause,tire
father,jean
athletic,import
normal,shelter
wind,pick
acknowledge,restriction
strategist,snow
animal,flight
have,responsible
spin,think
discuss,recent
unclear,float
suddenly,mine
describe,deem
section,start
tighten,competitor
lender,couple
reassure,accept
mention,size
storage,shirt
action,room
previous,contractor
sure,average
application,candy
overall,lawmaker
hardware,high
probably,output
voluntary,pilot
elaborate,creditor
warrant,important
rout,soak
television,large
kick,display
prediction,sclerosis
unusually,engine
detail,issuer
mortgage,garment
legal,orient
adjust,spokesman
reporting,earn
badly,semiconductor
portable,reader
detect,zone
engage,cyclical
found,match
screening,battery
material,monetary
nervous,washer
sharply,consultancy
segment,steer
authorize,strap
rating,supervisor
adult,contribution
label,transparency
entity,conflict
voter,lure
warning,tension
investigate,dining
propose,injury
permanent,defeat
blind,mental
fast,warm
path,copper
offer,gallon
recommendation,hotel
effect,promotional
soar,misconduct
stone,trade
wise,small
board,paper
pork,economist
component,dealer
accompany,financial
shoe,reason
voice,voucher
cheap,flat
negative,decision
mainly,intensive
capitalist,cosmetic
struggle,enemy
severe,battle
regulate,settle
undervalue,dealing
difficulty,exclusive
spook,retire
recording,platform
identity,submit
album,motorcycle
fill,equivalent
wonder,midsize
rapid,mill
worried,ceiling
visit,course
deregulation,condo
bring,regional
underground,budget
virus,twice
legacy,improved
predecessor,toxic
condition,actually
notice,tower
vision,significant
damage,sheet
pare,concerned
post,spokeswoman
crisis,programme
hinge,promote
drop,grand
accounting,friend
approval,update
poll,clothing
device,insurance
induce,space
overlap,institution
footwear,fire
town,consider
perceive,move
especially,praise
grapple,rear
booking,annuity
complicated,graphic
poison,phase
receipt,content
patient,campus
find,living
reasonable,organization
synergy,design
shutdown,conclude
drought,rank
digital,champion
play,simulation
hedge,pediatric
remember,endorse
early,flow
know,recognition
measure,manufacture
heart,long
leap,relation
exceed,arbitration
surface,official
aside,quadruple
usually,department
collateral,bracket
maker,career
funding,rebound
method,helicopter
renegotiate,pump
affiliate,industrial
mount,choice
pile,drink
block,recipient
likely,follower
view,arthritis
diagnostic,pattern
difficult,percent
clear,inside
pain,crew
rapidly,debate
underlie,independent
quickly,register
clinical,intelligence
extreme,visitor
matter,right
corporate,example
estimate,occupancy
emerge,protest
response,comply
spread,formal
ahead,forest
vary,scan
market,link
extend,highlight
concern,priority
page,activity
possibility,exploit
emergency,agent
correction,emission
particularly,apartment
admission,sterling
butter,heel
session,welcome
investor,catalog
girl,replicate
practice,southern
wine,request
remote,wedding
carbon,accident
radio,marketplace
real,island
headline,listing
reduce,discounter
banker,soft
social,exist
smoker,handle
card,gold
inquiry,subject
workplace,climb
horse,agreement
enterprise,economic
cast,senior
commit,founder
flexible,protect
instrument,double
supermarket,partner
halt,people
beef,protein
poultry,apparel
unpaid,class
restructure,kind
downward,maintenance
theft,public
subpoena,railroad
adverse,roll
batter,single
casual,construct
licensing,state
subprime,control
remind,deputy
prop,cancellation
wipe,deduction
round,opening
documentary,tier
severance,touch
wave,machinery
ticket,quarterback
suitor,crowd
container,beat
release,hold
vulnerability,development
payment,pull
pressure,broadband
interactive,sanction
margin,chairman
stuff,specialized
hand,sponsor
create,cord
pool,note
turnaround,auction
genetic,promotion
majority,labor
wide,district
yield,difference
enforce,awareness
primary,extra
mailing,improvement
staff,boutique
scenario,succeed
tumor,plaintiff
hamburger,solar
uncertain,return
unlikely,sport
divest,station
indicate,advertising
timing,weapon
protection,consultant
disclose,presence
drive,navigation
doll,push
retreat,discount
represent,fact
table,culture
seize,attend
twist,bidder
rumor,technician
fetch,enter
virtue,nonprofit
inadequate,sensor
poorly,personal
tech,fertilizer
logo,legislation
bump,understanding
entertainment,temperature
judge,tariff
panic,knee
turbine,excess
cheer,rush
integration,conditioning
contingency,subsidy
vessel,baby
proceeding,future
slow,efficient
teller,eliminate
temporarily,beer
trick,recommend
wild,quota
constant,deadline
buyback,multiple
payout,bargaining
crash,automatically
gear,therapy
separate,sign
king,ounce
spur,closely
airwave,franchise
erase,depth
hour,achieve
bolster,ship
dividend,eligible
ease,gray
plus,brewer
disaster,peak
alternative,holiday
related,hearing
seller,hope
steep,publicly
blow,unusual
advertise,inflation
borrower,football
strike,electronics
mouse,corporation
drama,explorer
worry,bottom
abuse,adjacent
shell,mineral
closed,ranch
buyer,resolution
mixed,tree
massive,library
process,correct
outcome,edge
medicine,pledge
shipment,category
scale,offshore
dominance,chapter
previously,favor
merchant,resort
learn,huge
enforcement,writer
robot,advertisement
director,belt
quit,hacker
domain,bedroom
quarter,facilitate
liable,allocate
layer,spinoff
generate,racial
depreciation,behalf
express,circuit
nation,clerk
headquarter,teen
professor,regulation
actively,determine
requirement,side
freshman,backlog
oppose,purpose
browser,west
motion,water
nationwide,welfare
peanut,conventional
heavily,stain
workforce,lead
establishment,testify
statement,pleased
constantly,mentor
chief,aspect
blackout,doctor
existence,live
recruiter,apply
logic,society
substantially,upward
statistical,exit
trader,strength
accumulate,scientist
complete,reality
appoint,tank
unlimited,substance
role,farmer
keep,jewelry
stroke,train
chicken,afterward
fair,innovative
failure,tracking
authority,wood
deteriorate,spirit
suspension,addition
scheme,read
coat,follow
deferred,golf
enormous,underwrite
abroad,stop
react,substantial
economically,leisure
contingent,bulb
anticipation,airplane
leveraged,liability
skepticism,integrate
safe,concentrate
enthusiasm,dental
happen,directly
unable,deductible
text,privilege
mechanism,salon
compute,busy
fishing,urban
confidence,belong
criminal,uphold
memo,registration
string,supervisory
warn,center
entire,fierce
landfill,shot
attempt,senator
publish,collect
landlord,cafe
coin,enact
troubling,science
exactly,resume
forget,microwave
accelerate,boast
prison,shape
seal,ground
athlete,wait
usage,teach
furniture,piece
rest,copy
inappropriate,profitable
drugstore,happy
obviously,sponsorship
reach,soda
mail,like
terminate,aisle
attention,dual
misleading,bicycle
loose,townhouse
harsh,attach
structure,proprietary
inning,audience
expose,programming
entertain,diverse
tale,proud
impairment,quietly
history,operational
faulty,disadvantage
folk,community
door,barn
fundamentally,boom
explode,runway
availability,reply
breach,ferry
relocate,treasurer
bureau,weed
questionable,higher
understand,opinion
laboratory,guideline
inevitable,poverty
transition,useful
overpay,route
near,nuclear
nature,charter
novel,properly
plenty,website
anniversary,slightly
unfair,education
clean,secret
movie,researcher
fresh,depart
catastrophe,task
consulting,crop
contribute,suggestion
highly,kill
stimulate,fine
strongly,steam
proceed,integrated
valuable,arena
dial,steelmaker
listen,week
false,moment
flock,dedicate
prepare,mansion
instruct,paint
tourism,incident
meet,youth
commonly,corn
consensus,disposal
swing,administer
relate,daughter
shore,wife
prevention,donation
month,audit
priest,trend
cure,departure
telecommunications,interpret
last,neighbor
explicitly,outpace
database,allow
sour,region
fragrance,longtime
download,mainland
threaten,aviation
allegedly,tractor
merge,carry
hiring,solution
evaluate,combat
hide,possession
nationalist,certification
desire,original
steak,elderly
occur,pant
able,roughly
swimming,approach
mattress,modest
continued,love
grid,statistic
tempt,email
audio,median
frenzy,mate
foundation,capacity
decide,duck
personality,flexibility
artist,closet
intellectual,historic
electric,currently
anxiety,editor
storm,complaint
concentration,immediately
package,install
green,weekend
doubt,thought
suffer,glass
famous,count
introduce,argue
subscriber,artificial
rescue,feed
confidential,rebate
grade,finally
destroy,pickup
innovation,fraction
snack,glove
disappear,define
outdoor,speaker
impressive,phrase
adventure,frame
vacation,discipline
likewise,clothe
hormone,translate
milk,attract
divestiture,experiment
breakup,wage
modify,hunt
answer,plastic
game,coordinator
optimistic,sophisticated
cushion,tendency
finish,newly
infringement,fairly
consolidation,curve
shortfall,surgeon
pill,buoy
intensify,star
prescription,step
apart,specific
kidney,initiative
morning,exception
licence,completion
telecoms,involvement
petition,controversy
footprint,tournament
speculate,contracting
trim,bacteria
logistic,delegate
fate,educate
mask,demographic
litigation,outsider
commitment,solicit
telephone,calculate
promising,incumbent
shock,generous
preserve,declare
convict,cholesterol
sound,episode
obligation,grab
salad,cautiously
basketball,dating
interior,agriculture
successor,cater
bold,constitutional
communication,meal
adopt,skill
minor,respectively
painkiller,wallet
engineer,lifestyle
politician,negotiation
menu,capture
calm,speak
cream,sack
perception,laser
craze,protective
cumulative,distribute
principal,nutrition
forgo,relatively
interaction,raise
burger,opponent
stabilize,excitement
pasta,supporter
tightly,retiree
quantity,transform
constrain,validate
grocery,model
classic,death
fend,vintage
tissue,disappointed
murder,willingness
custody,contamination
evident,conviction
substitute,orbit
host,left
surprise,fountain
crucial,linebacker
clinic,tolerate
coffee,suite
tight,adjustment
blue,considerable
balloon,royalty
daunting,relevant
powerhouse,surprising
university,moderate
acid,limited
creation,excited
frequently,rebuild
organ,degree
staggering,thermal
capitalize,renovate
spray,outfit
prominent,mitigate
calculation,sweeping
passive,medical
prayer,collection
sovereign,effort
reference,robust
freeze,success
electronically,complex
revise,split
landscape,profile
peace,concession
recycled,taxable
strip,standpoint
employ,distort
principle,acre
wrongdoing,redeem
provision,violence
borrow,arrangement
brace,turnover
bridge,boyfriend
hero,continent
virtually,teenager
prolonged,bidding
tend,malicious
cement,handful
sudden,cherish
dangerous,intimate
chair,booster
active,driving
suspicious,procurement
diet,appetite
suspect,seasonal
reveal,spot
risky,additionally
pour,vaccine
advise,shorten
reorganization,appreciate
circulation,select
reliance,handbag
fingerprint,language
troubled,reporter
hair,sand
tout,branding
midst,influence
environment,breakfast
secondary,virtual
camera,local
entirely,participant
skin,overhead
adequate,procedure
falter,appointment
copyright,road
disc,tackle
experimental,beneficial
genre,scholarship
scrutinize,feature
mood,burgeon
effectiveness,advocacy
legendary,deposit
flower,cardboard
permit,snap
visa,efficiently
insight,holder
abortion,pursue
streaming,vertical
circumstance,prosper
staffing,leather
flash,preference
widespread,multinational
institutional,evacuation
rejection,capitalisation
disk,harassment
length,spotlight
rubber,pose
assume,ordinary
alter,broken
candidate,sick
manufacturing,inflow
offset,defence
sluggish,format
defendant,registered
grape,element
steady,marry
intense,rhetoric
elevate,baggage
bull,practitioner
performer,realize
dealership,trainer
shower,narrowly
confidentiality,fake
freedom,fault
upper,syndicate
sexually,illness
gradually,tailor
flurry,waiver
disappoint,sweet
childhood,underwriter
creature,correspondent
simple,officiate
collective,motorist
editorial,expert
simplify,assembly
safely,assistance
desk,sharing
underscore,authorization
fiction,module
bread,street
architect,hang
truly,idea
grind,colleague
chase,husband
offense,address
parking,ball
sock,slice
justice,relief
trademark,physician
threshold,historian
concrete,illegally
restate,rarely
opposition,furthermore
insure,shoot
detective,insider
await,glut
sampling,mature
hack,billboard
characteristic,cleanup
iconic,individually
inmate,bookstore
lock,diaper
unchanged,convention
intent,rock
wrong,final
maximize,animate
setback,centric
exact,wound
gather,uninsured
combined,sentence
revive,liquor
coastal,artificially
fade,petroleum
chemotherapy,dream
imagine,arrival
pharmacist,filter
subscription,seriously
constituent,omit
slam,expenditure
premiere,championship
toll,cocktail
smooth,enrol
momentum,enroll
withdrawal,equip
reactor,donor
golden,window
viewer,true
vulnerable,hybrid
disappointment,installation
appealing,distinction
stable,replacement
corner,inform
trust,prospectus
clot,embrace
discussion,jockey
annualize,injunction
couch,diligence
precise,direction
clearly,stance
bill,attitude
undisclosed,automate
peril,garage
sexual,quantitative
slight,blueprint
contemplate,inner
booming,darling
repeal,wildly
documentation,unfamiliar
weaken,submarine
seemingly,escalate
pave,excellent
confirmation,counselor
haven,congestion
negotiate,headset
listener,forge
standout,stockpile
directory,breathe
minimal,equally
hint,assertion
disability,playing
journalism,beneficiary
shortly,feeling
edit,smoke
unfairly,leasing
placebo,timer
locally,technically
ballot,overtake
rain,hate
discover,slap
dead,mimic
anchor,echo
