Positive,Negative
share,global
company,head
stock,division
loss,unit
revenue,currency
trading,vice
online,retirement
tumble,packaging
news,boost
fall,spokesman
analyst,foreign
plunge,commercial
cell,diaper
close,railroad
short,investment
announce,meeting
music,beverage
closing,mutual
genetic,defense
rental,marketer
trial,manager
passenger,insurance
report,rate
sharply,asset
flier,client
clinical,return
cash,industrial
listing,career
surge,overall
founder,join
inventory,conglomerate
soar,multinational
flight,environmental
digital,corporation
base,train
biotech,policy
chief,cigarette
airport,risk
drop,dollar
forecast,bank
booking,bond
disappointing,banking
airline,snack
destination,oversee
traveler,business
announcement,retire
retailer,cereal
bankruptcy,dividend
seller,consumer
jump,inflation
attendant,director
biotechnology,household
treatment,tobacco
patient,fine
user,detergent
credit,flavor
audio,graduate
plummet,insurer
casino,freight
gambling,paint
traffic,corporate
subscriber,water
capitalist,aerospace
enrollment,appeal
internet,spokeswoman
expect,strong
result,program
flash,settlement
gene,account
amortization,institution
clothing,total
selling,building
royalty,plaintiff
download,plant
store,president
drug,drink
apparel,fund
mall,growth
site,giant
fashion,move
expectation,label
widen,food
video,chocolate
filing,sponsor
carrier,chemical
mortar,article
subscription,banker
downgrade,management
investor,branch
halt,budget
slump,sugar
mail,rule
rent,include
price,paper
fare,nuclear
outlook,tournament
disease,approach
tech,portfolio
killing,supermarket
warrant,innovation
cabin,carry
unprofitable,country
delay,utility
drilling,package
miner,major
solar,increase
reservation,plastic
sale,pension
release,official
search,brand
website,organization
send,office
available,improve
mining,offset
reverse,survey
memory,power
troubled,employer
virus,coverage
cancel,recycling
peace,interest
gate,soap
found,reactor
offering,proposal
storage,group
luggage,economist
blame,farm
rush,commodity
experimental,product
hope,yield
seat,employee
provider,brewer
technology,resource
slide,outage
rebound,toothpaste
bookstore,license
incorrectly,lending
struggle,acquisition
narrow,golf
gross,distribution
entrepreneur,grain
commerce,brokerage
application,role
bankrupt,project
lose,spend
lower,percentage
rally,hold
developer,euro
shoe,manufacturer
chip,organic
survival,cover
volatility,economic
baggage,underwriting
demand,consumption
inquiry,association
selloff,case
market,score
debt,index
pilot,rank
wear,comment
infection,national
gaming,issuer
semiconductor,name
guidance,life
closure,economy
automaker,typically
mine,league
profitable,worker
casual,area
popular,initiative
browse,responsibility
shopping,liability
hedge,category
attribute,income
travel,regulator
volatile,pipeline
convertible,aircraft
liquidity,rail
steep,candy
punish,annuity
interactive,earn
subsidy,spot
mass,underwrite
steel,claim
slot,operation
prepared,repair
column,productivity
enterprise,buyback
projection,payroll
mode,line
catalog,benefit
musician,waste
accessory,performance
capacity,state
rescue,broker
recording,shelf
file,regional
reviewer,father
toll,pharmacy
secure,bidder
week,attorney
rock,underwriter
resign,elevator
allow,firm
mailing,volume
extended,regulation
imply,cable
visit,franchise
medium,city
screen,blade
mile,financial
immune,marketing
fiction,farmer
valuation,instance
sedan,cleaning
quarter,contractor
reader,senior
wait,change
restate,part
camera,soda
cancellation,partly
software,ceremony
graphic,responsible
frenzy,international
listen,beer
public,donation
panel,steady
antique,nutrition
hammer,chairman
reaction,workplace
button,bonus
frequent,repurchase
sick,familiar
footwear,invest
renegotiate,average
dealership,successor
dynamic,affair
hype,individual
warn,regulatory
athletic,delivery
sink,natural
trip,improvement
ability,point
version,lead
independent,begin
liquidate,goal
stream,sensitive
guide,wife
fitness,laundry
turnaround,argue
financing,bottle
ticket,strategy
holiday,combat
performer,community
copy,machinery
bullish,apply
tourist,damage
producer,pitch
literary,veteran
networking,advertiser
slash,award
initial,peanut
boom,appointment
angel,takeover
customer,tough
nonstop,debit
buyer,parent
page,card
leather,daughter
cook,tell
easy,boss
treat,trust
investigation,gasoline
investigate,commission
friend,medical
combined,measure
profitability,good
refund,event
equipment,decide
stem,inflow
possibility,defend
slowdown,property
console,diversified
ride,generate
access,court
flexibility,exposure
gear,generally
server,proxy
collection,relation
scrap,purchase
computer,remain
review,electricity
thought,effect
catalogue,replace
gold,team
hard,trustee
streaming,serve
mouse,fire
voter,recall
union,penalty
maker,partnership
possible,world
imagine,consultant
virtual,procurement
mainly,want
retailing,vary
commute,ingredient
designer,victory
pair,pulp
supplement,military
lease,contribute
capitalize,jointly
brick,subsidiary
monster,important
tire,campaign
compare,region
inevitable,owner
bust,abroad
fold,consume
education,container
progression,away
rumor,central
bailout,single
steelmaker,consortium
laser,overseas
immediately,contract
organ,modest
spark,express
adoption,size
gamer,processing
burn,year
object,widely
builder,handful
shore,distribute
bargain,leave
videogame,planning
pioneer,manufacture
murder,hospital
proceeding,reflect
certificate,handle
heel,deposit
mechanic,contain
tide,effort
random,construction
early,conditioner
shop,energy
conference,compensation
wireless,holding
uncertainty,large
connect,child
carmaker,reserve
downturn,bill
traditional,infrastructure
platform,pende
mainstream,presence
anticipate,missile
postpone,favor
crash,importance
cure,coating
ounce,soybean
slow,finance
covenant,spending
disk,warehouse
concession,emission
game,institutional
estimate,calculate
swing,green
disclosure,homeowner
residence,little
call,opportunity
incubator,diversify
forum,heating
depreciation,young
wafer,telecom
special,park
debut,ultimately
desktop,soft
vision,conditioning
correction,color
badly,comply
novel,succession
garage,sluggish
statement,fight
bike,soup
checkpoint,decision
content,outpace
accounting,drugstore
wager,pace
turn,continue
marketplace,sure
artist,prescription
financially,municipal
desperate,difference
junk,leak
bounce,assistant
boot,radar
plug,handset
mount,helicopter
explosive,private
collapse,remove
willing,generator
dimensional,turbine
click,joint
swap,pull
adore,promotion
consolidation,taxis
shirt,spread
peak,civil
nervous,western
viral,residential
microprocessor,participant
error,starter
double,numerous
luxury,emerge
directly,spinoff
stability,propose
shortfall,clean
alliance,degree
negative,costly
maybe,administration
layoff,disposal
vacation,agricultural
injection,relatively
radio,activity
primary,conduct
album,push
capitalization,segment
significantly,champion
capitalisation,material
right,tractor
mentor,spirit
college,floor
disorder,harm
player,mother
fear,quality
knife,culture
combination,transmission
lung,recently
entertainment,grocery
downward,example
rapid,transportation
worth,strength
violence,bureau
borrow,highlight
challenging,agency
default,auction
device,care
auditor,pressure
grandmother,leadership
availability,attack
portable,pass
knit,criticism
disc,stop
weak,digit
plot,labor
overhead,twice
dress,block
post,litigation
shed,exchange
mobile,borrower
glut,locomotive
suspend,electrical
batter,family
surprise,final
distressed,judgment
killer,sensor
agreement,tender
editorial,surgical
list,overhaul
session,injury
gambler,split
flagship,liquid
divorce,consulting
route,replacement
cabinet,blockbuster
disappear,white
hunter,globally
gadget,toilet
halve,cholesterol
showroom,steam
sclerosis,facility
deadly,steer
publishing,razor
cyber,edge
platinum,consider
mountain,frozen
shopper,wealth
hacker,challenge
timing,technical
university,internal
popularity,advertise
poison,signal
make,promote
spin,occur
symbol,trend
false,interested
privacy,transport
create,driver
hybrid,pound
poll,engineering
dual,actor
clothe,figure
chicken,refining
accompany,work
folk,death
unexpected,offshore
revise,document
freelance,safety
reject,pick
therapy,authority
resort,catastrophe
sound,battle
chipmaker,commitment
referendum,wheat
surfer,cheap
bubble,roll
protein,pharmaceutical
doubt,wide
urgent,premium
dining,contaminate
workout,contact
membership,bureaucracy
insider,lobbyist
wine,stretch
print,recovery
viability,payout
genome,dental
status,structure
destroy,member
wheel,kind
password,attend
reveal,conclude
kitchen,currently
lake,history
toss,wall
compatible,comfortable
portal,recognize
sharp,slice
substantial,convert
merge,practice
disclose,counter
resignation,stent
darling,turnover
magnet,ownership
photo,meter
publicly,long
sort,contribution
student,port
shortage,evaluate
phone,diversity
licensing,reward
personal,monopoly
library,impact
refinance,clear
dive,employment
slate,butter
dish,cleanup
elderly,implant
daily,reputation
concert,tanker
roller,recommend
upstart,comparison
inspector,viewer
buying,marry
reopen,manufacturing
leap,curb
cutting,obesity
fetch,greenhouse
function,payment
chat,carbon
fresh,crop
down,expense
ethnic,track
diagnosis,original
statue,foundation
arrive,higher
therapeutic,hole
landlord,praise
integrate,stick
advanced,different
outbreak,piece
comparable,prevent
conversion,increasingly
success,ball
creator,shampoo
prospect,reason
doctor,divest
gallery,police
temporary,feel
table,corn
promising,count
liquidation,introduce
ballot,grandchild
bedroom,nation
perfectly,advocate
corridor,casualty
thin,defender
hint,defensive
bearish,tend
remodel,formula
panic,confirm
objection,disposable
specialist,prescribe
catch,sanction
cite,storm
plus,salary
collateral,absorb
allegation,weather
selection,headquarters
dead,fiscal
favorite,participate
style,wood
song,require
resume,bulk
photograph,mandatory
jacket,largely
spike,guideline
justice,governance
organizer,extra
trigger,straight
reclaim,juice
imaging,separate
story,reinsurance
month,issuance
obligation,wage
billionaire,achieve
read,coffee
menu,highest
backing,syrup
image,generation
find,complex
tumor,typical
cool,priority
exit,cast
compile,involve
boutique,pipe
unsolicited,rural
predict,memo
tariff,switch
night,complain
pain,club
rare,explain
coach,later
copyright,baseball
brain,sign
funding,treasurer
database,cosmetic
brace,scheme
shock,stable
fatal,capture
preliminary,revamp
sweater,matter
discover,compliance
stimulate,provision
silicon,rebate
niche,syndicate
pant,target
tactic,championship
skip,shift
testing,implement
form,tenure
undervalue,birdie
cater,scandal
hall,trucking
entry,light
premature,divestiture
driving,contamination
gamble,defendant
vendor,arthritis
victim,strategic
uncertain,deputy
clever,lawyer
pare,nonprofit
temporarily,extensive
weakness,broadcast
scrutiny,smoking
somewhat,outsourcing
mutation,stroke
liver,awareness
viable,theft
writer,select
earth,bridge
inmate,harmful
piano,lobby
gainer,cocoa
compact,resident
race,charity
religious,cream
pessimism,arbitration
recorder,local
reel,instrument
unspecified,variety
outfit,star
remote,invite
electronics,monitoring
assembly,field
section,talk
defy,staple
visitor,surveillance
sequence,healthcare
stockholder,sponsorship
clarify,respectively
unlimited,temperature
multimedia,pose
sentiment,agriculture
additional,teller
adverse,entity
motor,putt
identity,lineup
county,heart
flat,heat
experiment,embed
reimbursement,anchor
late,lobbying
jumbo,tank
aside,conflict
concept,colleague
interface,automation
creditor,minor
quickly,calorie
banner,tooth
runway,smoothly
statistically,lumber
excitement,tissue
slaughter,protest
rejection,recycle
inspect,medication
cousin,bakery
genre,headquarter
flaw,shot
impairment,sister
enrol,monetary
comedian,mature
subpoena,undisclosed
movie,scientific
chancellor,denominate
screening,lend
loop,washing
direct,medicine
parliament,rain
shutter,facial
chapter,relocate
frustrate,bogey
lately,bottled
bondholder,policyholder
cellphone,diverse
assumption,robust
definition,programme
workforce,warm
infringement,ground
domain,pretax
aunt,predecessor
silver,plead
heavy,usage
terminal,prohibit
hunting,fragrance
puzzle,skill
specialized,forest
bath,redeem
chef,landfill
pure,activist
triple,master
loser,portion
visa,peer
transit,associate
sharing,reporting
anonymous,cargo
deserve,dominate
necessarily,engineer
extreme,oppose
meltdown,pollution
entire,undergo
illness,fluctuation
brink,mainland
placebo,situation
organize,related
render,cardiovascular
thriller,logo
bird,crack
exacerbate,knee
nominee,smoker
hang,past
commuter,scoring
stone,future
finally,maintain
text,tape
wound,roster
wipe,heir
chase,influence
exhaust,verdict
wonder,quote
anymore,road
merchandise,dismiss
genetically,healthy
saddle,expert
lucky,finding
iron,efficiency
useful,brother
upgrade,annual
synergy,propel
force,smoke
answer,mind
promoter,equal
explore,midsize
retreat,doll
formation,refuse
usual,suspect
roughly,deduction
surprised,honor
trouble,blue
leisure,discuss
strand,defeat
impression,collect
sporting,settle
referral,remark
comfort,sovereign
handbag,glass
shake,strike
goodwill,deploy
scene,grade
aspect,locate
apparently,motion
diagnose,southern
sweep,solid
expected,specific
optimism,ranking
cellular,enhance
skeptical,mega
dramatically,series
frame,diabetes
maximize,promotional
exactly,prefer
crime,franchisee
festival,semifinal
disappointment,staffer
staffing,checking
curtail,disadvantage
teen,jetliner
comfortably,participation
indict,outcome
adjusted,consecutive
shelter,soil
admission,stadium
infect,reliability
fill,wholesaler
fleet,eurozone
pullback,modestly
assault,towel
speculator,beneficial
mood,dark
lock,critical
occasional,warming
deteriorate,email
village,basis
dramatic,substance
blood,secret
listener,contest
plague,underlying
photography,requirement
romantic,critic
second,creative
weekend,amount
bolster,gallon
permanent,circulation
press,chair
evolution,emphasis
booming,taxable
guess,petroleum
precious,dioxide
sudden,tear
administrator,injure
scramble,arena
hardware,wealthy
stair,buoy
terrorist,remember
unable,inventor
relief,notify
repeat,realize
tuition,establish
hail,leasing
juvenile,negotiate
symptom,lucrative
bite,simplify
entrance,potato
sportswear,philanthropic
altogether,valve
east,yogurt
grandfather,sterling
compelling,traditionally
hinge,outlay
lane,spill
perfect,acceptance
sleep,harvest
complement,helm
normally,prize
backlog,rivalry
reception,continent
distress,command
unhappy,rollout
assert,derail
beach,understand
manipulation,diagnostic
namesake,tube
haul,seal
journalist,farming
habit,confidential
dock,allocation
affirm,sexual
fortune,brewery
historian,resilient
overlook,influential
outline,journalism
bright,passive
speculative,occasion
theory,hurricane
edit,allocate
intensive,minimize
midst,legitimate
subway,enforcement
buzz,overturn
wild,sideline
democracy,voluntary
priest,effectively
entitle,groom
tuck,appetite
registration,alarm
enlarge,windfall
height,counselor
worried,redemption
ramp,titan
dedicate,constant
ring,accurate
pink,poverty
broaden,hamburger
racial,steal
visual,enormous
prove,perspective
bandwidth,breakfast
massive,strip
response,crucial
diamond,garbage
ease,step
essential,insert
trap,bride
aide,consolidate
unemployed,belong
optical,activate
impressive,elevated
salad,cookie
northern,motorcycle
discovery,separately
specifically,debate
drag,rubber
inherit,escalate
cotton,mask
identical,regardless
query,grab
savvy,unregulated
accusation,perceive
suburban,hiring
strained,violate
everyday,restricted
society,wrap
robot,appreciation
magnitude,advisory
exclusively,affluent
jewelry,broadly
turkey,donate
north,keen
dinner,invent
rider,damp
undermine,historic
alert,environmentalist
deterioration,afford
disruption,outsource
terrorism,efficacy
telecommunications,pole
predecease,prototype
erode,lure
hour,welfare
custom,agenda
exploit,shield
commit,crew
behavior,reiterate
scholarship,accomplish
merchandising,backer
tribe,rookie
coalition,committed
repay,lackluster
visibility,repeal
suburb,diet
spray,overrun
south,powder
rolling,upscale
privately,prime
sophomore,conservative
plate,exclusion
blend,appreciate
chronic,thinking
dance,lawn
loyalty,illegally
