Positive,Negative
food,internet
tobacco,software
group,download
retire,chip
cigarette,click
acquisition,tech
utility,computer
unit,semiconductor
director,server
bank,website
come,screen
include,clothing
banking,browser
pension,search
rate,video
deal,online
agency,desktop
asset,button
snack,subscription
division,inventory
fund,user
increase,surge
degree,cell
packaging,plunge
yield,browse
portfolio,virtual
takeover,drilling
institution,networking
cereal,digital
manager,demand
base,technology
beverage,passenger
branch,audio
business,booking
acquire,flier
lending,outfit
value,shirt
time,storage
mortgage,site
regulatory,airline
graduate,boom
income,graphic
borrower,delete
dividend,cabin
line,miner
state,attendant
offer,profitability
change,mining
remain,shopper
management,traffic
insurance,capitalist
smoker,videogame
hold,mobile
drink,interface
retirement,offering
head,code
debt,destination
saving,shopping
country,computing
bond,stock
owner,commerce
transaction,hardware
interest,crude
power,carrier
regulator,console
electricity,camera
inflation,steel
consumer,biotech
investment,tool
private,wireless
score,production
agree,entrepreneur
water,memory
family,mouse
loan,loss
smoking,plug
defense,gaming
high,mortar
property,flight
area,mall
premium,developer
long,function
team,equipment
system,disk
know,traveler
president,portal
home,data
role,visa
life,founder
shareholder,sharing
father,engine
brand,quickly
risk,keyboard
meat,display
accord,genetic
plant,patent
chairman,network
work,speaker
regional,capacity
product,builder
tell,brick
career,text
survey,mile
buyout,merchandise
sugar,conference
name,infringe
equity,output
credit,gross
adviser,flagship
play,laptop
aerospace,valuation
mutual,retailer
nuclear,forecast
performance,model
fire,mode
underwriting,exploration
good,grant
ingredient,fare
flavor,travel
farmer,refiner
return,soar
provide,competitor
deposit,refund
perform,exceed
basis,warranty
court,recipient
hospital,showroom
nation,blog
federal,barrel
receive,select
people,pant
firm,password
cost,booming
grain,cancellation
term,marketplace
manage,gadget
daughter,steelmaker
board,venture
missile,leather
note,revenue
show,machine
approval,connect
house,airport
place,jean
lead,virus
currency,phone
away,platform
auction,scan
death,compatible
building,gear
volume,mine
pass,query
bidder,printer
structure,image
propose,turnaround
medical,disappointing
election,subscriber
residential,glut
serve,flash
difference,unlock
strong,imply
feel,luxury
stop,music
industrial,multiple
chemical,fashion
charge,trial
star,pile
frozen,royalty
award,wear
farm,vendor
commercial,analyst
proposal,integrate
spirit,producer
earning,month
spokesman,design
pipeline,finally
follow,carmaker
represent,install
master,designer
information,vacation
percentage,tablet
rural,advance
client,appliance
affiliate,tumble
office,refinery
catastrophe,steep
banker,access
balance,subsidy
cover,format
leave,copyright
event,antitrust
emergency,upload
film,module
great,sclerosis
article,exploit
paper,customer
reduce,selling
opportunity,handmade
reactor,drill
money,useful
support,frequent
distribution,hacker
insurer,complaint
point,slump
restaurant,advertisement
peanut,session
merger,wheel
advise,drop
need,stylish
account,privacy
think,pickup
freight,gallon
vice,option
situation,panel
apply,accessory
region,wafer
large,catalog
closing,gambling
household,customize
implant,fuel
assume,unprofitable
fail,electronic
season,mail
meet,heavy
theater,easily
history,application
chocolate,optimistic
market,peer
government,runway
require,custom
lender,database
elect,ahead
approach,store
health,flat
spinoff,rival
affect,seller
back,device
hedge,medium
financial,scanner
electric,compact
milk,gate
city,library
economy,convertible
help,downside
look,clothe
conduct,bubble
dairy,iron
grow,capitalization
parent,bullish
chair,development
crisis,baggage
community,pioneer
conglomerate,publisher
give,programmer
concern,wardrobe
spokeswoman,lately
take,streaming
economist,maybe
final,visibility
claim,predict
effort,gamer
distributor,folder
recall,niche
service,merchant
finance,listing
presence,touch
diaper,test
waste,sweater
science,flop
overall,pink
environmental,mass
honor,sedan
matter,diesel
grid,vest
baseball,delay
actor,tracking
injury,automatically
budget,publishing
bill,rapid
mother,retailing
damage,media
decision,upgrade
hostile,rider
club,enterprise
stable,announcement
homeowner,press
measure,luggage
population,biotechnology
small,apparel
familiar,outlet
consultant,expansion
annuity,import
series,expectation
inning,supply
senior,datum
safety,downturn
global,guidance
growth,sharp
talk,projection
want,bargain
write,hate
case,stream
incorrectly,copy
care,pocket
program,metal
push,cancel
wife,router
ground,microprocessor
separate,technological
payment,thin
policy,cart
challenge,patient
recent,gain
lawsuit,holiday
brokerage,refine
candy,compute
central,savvy
charter,unique
rank,busy
find,manufacturing
organization,vaccine
problem,rental
campaign,boot
lobby,lure
appeal,nonstop
trustee,geek
joint,navigate
resident,incur
nursing,jump
soup,compete
school,rally
issue,active
adult,entertainment
past,success
wheat,rush
provision,quadruple
keep,tumor
package,seat
evaluate,buzz
scoring,licensing
decide,disc
associate,sentiment
butter,cater
child,optimism
animal,portable
approve,content
purchase,willing
retain,enable
fully,technical
earn,repurchase
railroad,negative
result,technically
league,update
compliance,financing
express,bottom
cause,terminal
involve,dream
rating,reward
young,infringement
generate,handset
defendant,random
part,stuff
tough,physical
boost,transform
trend,rich
record,interactive
transportation,secret
pharmaceutical,closure
ownership,voucher
submit,advantage
aircraft,progress
rule,column
face,worth
step,nearly
consider,expensive
relate,possible
practice,tactic
veteran,cloud
train,alliance
strengthen,chat
cash,instant
accept,departure
major,compelling
plan,vintage
penalty,narrow
overseas,bike
attorney,robot
trust,easy
refinance,news
pressure,intellectual
category,slot
meeting,stack
figure,automate
spend,viral
tender,factory
marry,clinical
hair,exercise
sell,electronics
rest,mileage
current,gene
bear,fortune
enhance,photo
fine,robust
offset,labor
discuss,arrangement
list,feedback
review,focused
wind,expiration
deputy,actually
interview,spreadsheet
force,remote
nature,bright
position,instal
borrowing,recruiter
headquarter,manipulate
teller,dominance
paint,communication
affair,instantly
ratio,capitalisation
prime,aspect
combination,publicity
identity,week
happen,perk
combine,extension
process,hinge
composite,bookstore
shift,execute
emerge,resign
mask,excess
diversify,concession
dance,pilot
coffee,hack
subsidiary,advertise
center,pillow
likely,maintenance
addition,aluminum
corn,fundamental
left,lease
commit,encryption
executive,drugstore
alternative,triple
famous,worry
professional,incentive
real,manual
begin,idle
nurse,binge
bridge,permanently
seek,fake
insight,worldwide
administration,external
photograph,wait
franchise,surprisingly
stand,processor
raise,connection
authority,additional
member,ultra
participant,aluminium
focus,aggregate
generator,scope
political,nurture
divestiture,assembly
turn,catalyst
pork,weakness
audience,taxi
special,union
size,surprising
confirm,satisfaction
organic,shrug
nutrition,extract
company,tire
beef,couch
introduce,scrap
wrongdoing,denim
euro,messaging
national,attach
total,shoe
pick,broad
payout,filing
outflow,shop
diversified,unfair
love,mill
oral,cyber
bureau,automaker
scheme,sticker
satellite,crystal
author,advanced
cast,gift
victory,cholesterol
oversee,productivity
military,intensify
exposure,relation
contractor,recommendation
liability,rumor
mandate,ranking
incident,debut
early,perfect
later,creator
participate,mirror
downtown,expenditure
hazardous,sweat
survive,steering
inadequate,handful
redemption,drag
lend,constantly
chicken,excited
appoint,posting
describe,formation
identify,washer
pull,merchandising
responsible,fingerprint
vehicle,plus
attempt,daily
regulate,confusing
sound,sustainable
storm,tout
estate,symptom
impact,technique
civil,grandmother
range,layout
oppose,tourist
theft,field
carry,ability
jury,self
exit,permission
reflect,frame
regulation,ecosystem
instrument,unlimited
bride,laser
transfer,controller
resolve,peak
study,promise
lawmaker,basic
heat,violate
teacher,disease
promotion,positive
scientific,dispute
poor,social
spin,rent
implement,smart
defence,revolutionize
junior,smartphone
activist,lens
middle,viable
move,endless
cross,recognition
committee,trigger
rise,enthusiasm
tower,trailer
thing,volatility
partly,beneficiary
plastic,milestone
investing,occasionally
container,immune
confidence,tension
goal,simple
detergent,translate
marriage,engineer
residence,teen
block,outstrip
association,advertiser
compile,watcher
consideration,enroll
white,profitable
administrative,analyze
synergy,unveil
live,restate
sponsor,setting
activity,accordingly
label,prediction
smoke,interact
story,relevant
soft,sequence
weapon,membership
risky,doubt
prison,enforcement
climb,stiff
publish,deteriorate
form,bearish
eligible,barely
mean,ugly
bondholder,stripe
ceremony,circuit
debit,relationship
dinner,outlook
lobbyist,monitor
tournament,consultancy
puck,prove
cosmetic,witness
continue,register
particularly,popular
suggest,initial
ball,therapy
consolidation,offshore
argue,develop
human,ride
commodity,decrease
band,rapidly
cent,message
stadium,paperwork
defend,task
exchange,page
municipal,load
conclude,concept
singer,washing
disaster,artificial
quote,quarter
fragrance,edit
spot,condo
applicant,revival
convict,hybrid
leader,notification
previous,challenging
proceed,backlog
effect,drawing
consumption,shell
documentary,complain
source,bundle
consortium,purchasing
chamber,favorite
understand,pause
blockbuster,impressive
judge,injunction
issuer,hard
physician,discover
recycling,petroleum
drama,loyalty
laboratory,status
deep,hail
rename,kiosk
racial,bull
immigrant,workforce
contribution,shipping
clear,giant
wing,dress
like,capability
largely,manipulation
occur,displace
response,sustained
visit,tourism
critic,chic
mind,everyday
lobbying,specialized
believe,animation
expose,gambler
institutional,interior
join,severance
encourage,peace
shot,happy
injure,discount
attend,phase
relative,cheap
subject,layoff
yard,preferred
lawyer,variable
pole,cite
soybean,efficient
church,typical
black,rough
severe,flee
transmission,secondary
vulnerable,wage
soda,alert
default,ignore
principal,sort
movement,bailout
unsecured,investigate
segment,experiment
drain,straightforward
succeed,dent
expect,skeptical
wound,massive
museum,recognize
accelerate,leisure
employer,route
dish,halve
moment,absence
comedy,nice
verdict,bicycle
completion,machinery
reporter,calendar
driver,integration
wall,commuter
king,salesperson
derivative,scramble
police,stockpile
landfill,cement
coating,controversy
voter,gray
reinsurance,haul
entity,tune
elevator,tariff
ally,interesting
litigation,roughly
inflow,attribute
historic,ranch
murder,licence
advocate,arbitration
reject,warrant
bulk,genome
skate,unusual
commitment,hint
custody,audit
opposition,length
episode,accountable
contain,comparison
motor,excitement
centre,hepatitis
consolidate,higher
shoot,particular
renewable,swing
oversight,accuse
musical,valuable
notice,aviation
crowd,motorcycle
writing,slide
agent,sheet
festival,violation
late,indicator
touchdown,photographer
establish,reveal
turnover,brake
numerous,grab
regular,cockpit
index,coordinate
attractive,grocer
football,urban
wholesale,sensor
grandchild,input
wave,attract
requirement,preliminary
enter,calm
disclosure,hook
territory,hammer
arrest,interested
rain,distraction
nonprofit,bias
commission,plenty
argument,briefly
healthcare,sophisticated
admit,affirm
staple,deductible
agricultural,chemotherapy
champion,embed
pitcher,occupancy
juice,mechanic
bottle,pharmacist
tale,impossible
ensure,cellphone
treasurer,blast
soil,bounce
liquid,communicate
fact,criterion
mechanism,immediately
restore,symbol
suspension,regain
typically,discovery
highlight,following
signal,disappear
sweet,demographic
insure,suburban
date,entrant
solid,imagine
towel,repeatedly
offensive,correct
robbery,sock
celebration,nationalist
brew,relevance
sluggish,plea
fiduciary,auctioneer
disposal,engagement
shampoo,tracker
servicing,talent
tunnel,adjustment
suspect,compromise
adjust,entry
brewer,sportswear
regulated,prospect
depreciation,knowledge
prize,reader
scene,upscale
draft,equivalent
interception,complication
taxable,teenager
supervisor,surprised
shelf,unexpectedly
batter,nervous
mission,pace
foreclosure,counsel
sing,fetch
resolution,retreat
assumption,disappointed
southern,hurdle
minor,friendly
undergo,condominium
burden,popularity
settlement,forge
calculate,stamp
pitch,broaden
disability,scratch
soap,interaction
advice,basement
clearing,inspector
twice,generally
protest,society
discussion,clip
learn,clearly
outcome,crush
hole,infusion
officiate,explosion
civilian,sofa
teammate,ongoing
diversification,accessible
anniversary,disrupt
promotional,recording
acknowledge,cocktail
eastern,motion
novel,locally
engage,inexpensive
pool,desperate
tend,attacker
subprime,payable
obligation,lane
strongly,minimal
fluctuation,bust
withdraw,reinforce
protection,playing
alcohol,amateur
warm,belt
wholesaler,shadow
academic,animate
trio,fight
valve,plummet
repair,measurement
atmosphere,surpass
deficit,commute
wide,advisory
remainder,traction
carbon,organisation
primarily,keen
hero,template
spread,loser
pound,height
direction,wonder
homer,crash
particle,burst
rookie,casual
favor,justify
donor,method
danger,auditor
accident,resignation
fiscal,outsource
shape,notable
seal,exception
behalf,rear
stress,infection
circumstance,identical
bench,scout
concert,mistake
personnel,reservation
acquirer,remedy
cream,melt
modest,eager
draw,goodwill
retiree,subcommittee
overlap,electronically
playwright,instruction
newspaper,gallery
mandatory,shock
seafood,aggressive
assign,banner
lift,consensus
immediate,capitalize
divest,replicate
leak,abroad
vitamin,suburb
window,strength
intention,disappoint
electrical,recruitment
teach,bypass
dead,trainer
bidding,deploy
structural,coat
brief,outline
checking,super
casualty,cutback
beach,desk
pretax,formal
throw,limitation
unusually,clarify
investigator,detection
complete,extra
dining,anytime
reopen,understanding
desire,achieve
convert,pack
guilty,sausage
conclusion,allocate
dark,placebo
last,ambassador
ordinary,lifestyle
longtime,tomato
reputation,album
knee,boast
divorce,landing
bottler,angle
biography,remotely
exhibition,airplane
leveraged,flexibility
submarine,enrol
politic,logo
dangerous,disruption
wholly,somewhat
sponsorship,infect
combat,improperly
powder,cushion
donation,replenish
sodium,folk
aside,regimen
undervalue,unprecedented
ethic,depressed
sophomore,survival
astronaut,evolve
succession,accurately
broken,dryer
unlikely,spare
feed,skyrocket
scandal,linger
meter,subscribe
guard,elderly
annualize,setup
permanent,collar
agenda,logic
mild,doll
saver,initially
cooperate,inside
toothpaste,running
turbine,nomination
sure,literally
recipe,metric
painting,trademark
turmoil,educate
fighter,realize
writer,rack
prescribe,politically
classical,dedicated
policyholder,trip
installment,cartel
bump,bellwether
yogurt,equip
adequately,dump
tissue,slate
journalist,extensive
occupy,apparent
designate,creation
filmmaker,warrior
cooking,curtail
endure,optic
golfer,backdrop
recycle,definition
easing,sprawl
exemption,dedicate
colleague,skirt
male,reiterate
observer,aide
opening,freelance
possibility,recorder
athlete,invite
blade,genre
south,legitimate
adoption,killer
pond,recruiting
diverse,pump
caller,intervene
certify,ware
spinal,urge
telecommunication,notch
breakdown,escalate
echo,totally
neck,authorize
sail,innocent
deregulation,patron
bean,bullet
backup,specifically
river,brush
justice,outbreak
diagnostic,temporarily
sauce,mainly
lineman,definitely
motivate,tuition
preserve,reversal
firefighter,cellular
wash,nominee
hormone,concede
unanimously,illegal
monopoly,summer
reliable,conspire
bury,disappointment
contemporary,prosper
usage,deduction
wire,reluctant
