Positive,Negative
share,downgrade
revenue,auto
report,meat
user,affect
rise,tobacco
beat,material
deal,retire
analyst,director
stock,president
gross,cosmetic
maker,retailer
closing,beer
trading,tight
equipment,explore
expectation,promotion
technology,game
acquisition,holiday
premium,pressure
compete,labor
compare,department
price,station
surge,loan
forecast,blood
cash,cigarette
base,chairman
computer,exposure
gain,estate
agree,safe
software,supermarket
regulatory,spokesman
offer,fire
high,matter
value,crisis
opportunity,food
customer,spokeswoman
offering,hedge
help,brand
function,production
chip,measure
period,flight
enable,contractor
rebound,cereal
slightly,sleep
device,friend
common,paint
storage,patent
demand,financial
partner,corporate
service,shelf
well,borrower
jump,newspaper
combined,buyback
company,possible
personal,publish
data,marketer
firm,club
listing,warehouse
profit,notice
merger,medication
semiconductor,face
rival,back
system,session
page,stroke
approval,turmoil
strong,sweater
prior,chain
datum,owner
site,generic
infrastructure,beverage
earning,lender
release,default
networking,poultry
shareholder,professor
chart,governor
growth,smoking
science,affordable
margin,abandon
announce,effect
transaction,dairy
prepared,replace
capital,strike
sale,retail
positive,schedule
head,staff
predict,real
partly,rail
agreement,builder
expand,satellite
miss,campaign
downturn,specialty
climb,present
integrate,risk
post,think
multiple,brewer
income,warning
active,label
boom,favorable
result,pork
player,familiar
list,letter
power,persuade
sign,season
term,spinoff
recovery,associate
contrast,contract
stabilize,union
tender,ticket
double,defensive
sector,doll
processor,makeup
news,rating
hospital,grocery
combination,judge
year,independent
network,stake
upside,dividend
cent,family
credit,housing
late,composite
presence,character
charge,center
centre,speculation
access,human
subscription,lawsuit
issue,award
tech,state
expect,graduate
pick,require
purchase,immune
regular,farm
takeover,child
expansion,live
article,violation
smart,bond
acquire,passenger
improvement,condition
currency,clinical
sell,researcher
manufacturing,replacement
range,outlet
download,hurricane
unsolicited,people
average,glass
loss,examine
read,tree
knowledge,store
application,board
mobile,artery
trade,coat
improve,deep
victim,burn
internet,flow
tournament,begin
attract,rural
close,plane
combine,damage
lucrative,trial
benefit,multinational
recipe,obligation
position,cause
space,pollution
communication,diagnostic
exchange,pump
synergy,delay
memory,hold
phone,horse
typically,congressional
analysis,electric
insider,grain
investor,skin
saving,implement
display,climate
fall,relief
capacity,aircraft
dollar,defense
park,question
interesting,heart
size,postpone
database,event
return,talk
collection,deposit
wireless,pilot
room,candidate
operating,attorney
audio,previous
outlook,package
profile,principal
soon,severe
pretty,resident
near,race
form,appoint
adviser,household
solid,corn
broad,cite
antitrust,wake
billing,wife
battery,spot
round,junk
launch,situation
suggest,blue
finding,manufacturer
picture,sink
exclude,country
need,agency
click,vice
invite,officer
commerce,side
client,fear
friendly,comment
equally,fleet
substantially,leather
desktop,wage
upgrade,football
tenant,smoker
number,block
administration,downside
search,subprime
product,actual
type,mall
broker,rule
identify,concern
important,taxis
music,adjustment
order,truck
silicon,grade
creditor,watch
invest,lunch
valuation,tumble
play,yard
enter,trouble
check,affirm
digital,right
market,asset
information,coating
guidance,mother
boost,stem
coach,packaging
hostile,wipe
fast,paper
card,studio
server,boutique
vote,jeopardize
settlement,regime
government,pass
athlete,brush
total,father
flat,crash
intellectual,take
performance,festival
worth,national
outperform,testimony
consolidation,bailout
expense,forest
bonus,conduct
manufacture,shutdown
bidder,find
conference,municipal
prison,feel
account,gallon
laptop,modify
attractive,assistant
bill,heavily
management,chicken
especially,variety
strengthen,blow
cost,gasoline
inventory,selloff
percentage,slide
coverage,fragrance
accept,cocktail
scrutiny,county
signal,selling
beneficiary,weaken
break,federal
final,city
mood,honor
image,insure
thank,person
deliver,printing
founder,brake
estimate,mortgage
machine,control
normal,worker
recommend,problem
mean,bike
generation,partnership
evidence,natural
likely,exploration
component,deny
relate,cancel
competitive,intend
salary,violate
sharp,building
fake,wheel
preferred,hire
follow,documentary
intelligence,fetch
summer,luxury
programme,finance
decrease,portfolio
anticipate,scope
neutral,instrument
stream,neighbor
industry,reasonably
single,audience
peer,aerospace
promising,sick
nearly,slash
able,print
kitchen,advertising
trend,repurchase
clear,animal
policy,wall
advantage,practice
design,evaluate
show,attack
proceeding,yield
grow,channel
consulting,instead
propose,gold
inadequate,lawmaker
cell,sweeping
sensitive,squeeze
support,upscale
hacker,shopper
narrow,pill
optimism,part
pace,theater
domain,tighten
patient,stand
source,hearing
huge,aluminum
brokerage,worry
future,fish
example,step
streaming,foreclosure
museum,walk
adjust,decision
funding,black
indicate,mount
compensation,collateral
battle,expert
regional,collective
affiliate,alternative
quickly,creation
defence,tissue
note,jean
manage,deepen
sense,addiction
view,sure
eager,wide
investigate,effective
usage,elevator
basis,automobile
announcement,abuse
volatile,luck
virus,immigration
telecommunication,survivor
sclerosis,drill
mind,sugar
recording,buying
revise,resort
collaboration,training
automatically,withdraw
lead,district
work,suppose
assert,modern
greatly,leave
compatible,championship
lesson,infringe
online,restore
eventually,shopping
merit,unable
suit,insert
domestic,diesel
demonstrate,water
adopt,contribute
electronic,generator
projection,color
headquarter,want
compute,smoke
avoid,allegation
wise,programming
ratio,member
consortium,pharmacy
tennis,heavy
mixed,resilient
pipeline,stick
ahead,reflect
licensing,enact
available,consider
uptick,labour
month,load
settle,pain
behalf,separate
resource,status
graphic,tour
symptom,certificate
violence,repair
province,toilet
outstanding,equivalent
stage,decide
computing,neighborhood
refining,primary
author,vest
platform,series
copyright,unusually
browser,risky
complex,storm
exit,obesity
frequency,elect
file,worried
incur,appropriate
approach,shelter
resume,habit
discovery,book
dominate,mass
slowdown,additional
tepid,rumor
initial,master
competitor,define
update,overtime
principle,flood
intent,vegetable
vacuum,nation
flip,tremendous
swap,sour
tariff,certainly
potentially,successor
glove,adult
interface,flock
bust,altogether
restricted,breakfast
come,league
death,story
mental,sufficient
recommendation,apparel
minister,difficulty
cooperate,health
shot,ownership
occupancy,relation
stop,breast
buoy,crimp
poll,ground
advanced,cotton
request,kidney
connect,snow
venture,town
shrink,expose
version,container
lung,fortune
effort,confidence
college,emission
fiber,gift
plenty,magazine
traffic,scent
feature,nervous
long,inspector
window,starter
rally,yellow
enterprise,seal
website,fare
match,confusion
largely,capitalization
away,uncertainty
efficient,worsen
claim,dental
press,tough
plague,historical
involve,rapid
true,meal
depreciation,surgery
provision,stress
modest,gather
depend,sandwich
tracking,talent
title,responsibility
progress,lodging
mystery,underperform
capability,penalty
provider,preserve
learn,interior
favorite,locate
swing,cargo
unexpected,pound
hefty,shake
decent,contest
progression,deteriorate
subsidy,slew
heel,army
nonetheless,lens
telecom,plastic
mover,date
technical,inability
overlap,cement
chipmaker,fingerprint
significantly,interactive
milestone,baby
deadline,fade
count,failure
module,creative
probably,pack
testing,residence
criminal,exhibition
foreign,implant
basically,volatility
bump,nerve
surprising,grip
word,touchdown
convertible,corporation
point,quote
quarter,surface
generate,representative
variable,shutter
force,seriously
disappointment,electrical
fine,hurry
closely,freight
complete,coffee
appliance,economist
disappointing,shock
plan,beef
register,guarantee
push,procedure
capitalisation,pull
placebo,television
conversion,adoption
copper,testify
reach,hear
process,select
seller,shop
grapple,cruise
communicate,dish
make,memo
transition,ceiling
extended,great
institutional,shortage
album,dangerous
cancellation,harvest
infection,defend
easy,hammer
golf,night
entrepreneur,transportation
simple,payroll
membership,surcharge
regulator,spectrum
brain,performer
comfortable,apart
link,warming
defeat,tragedy
prime,valid
understand,extraordinary
attribute,terrorist
wary,conglomerate
seed,skepticism
contend,carbon
boomer,lottery
independence,addition
unemployment,turbulence
career,rebel
election,unprecedented
development,reinsurance
annuity,forge
cabinet,petition
specialist,possibility
controller,branch
biotechnology,slot
productivity,trigger
road,belt
relatively,gambling
ultimately,qualify
warrant,senior
merchant,wheat
extension,headquarters
highlight,expensive
drive,usually
focus,foundation
related,sport
statistic,scheme
copy,complicated
prosecutor,authorize
main,young
bolster,royalty
edit,faith
discuss,appearance
move,instance
consensus,frustration
voice,pipe
track,feedback
column,compelling
scan,garment
telephone,frozen
diversify,vulnerable
sentence,merchandise
notebook,frequent
boardroom,injunction
recover,proceed
apparent,dress
movement,stuff
grab,shut
like,substitute
roughly,booking
lighting,immediately
switch,craft
tumor,rescue
course,mailing
welcome,prohibit
editor,prospect
alive,plunge
separately,tactic
dynamic,call
surround,outdoor
peace,weather
execute,towel
assumption,limit
query,proposition
finalize,alert
brick,airwave
convert,robust
worldwide,collar
cyclical,mayor
controversial,booming
singer,concert
mortar,recruiter
devoted,marine
portal,alliance
policyholder,prevail
standard,therapeutic
browse,hunter
optic,comply
tribe,soup
outpace,escalate
considerable,kind
administrator,qualified
passive,marry
reward,illegal
element,strategist
discover,logistic
automate,backup
rarely,mesh
handset,association
merchandising,critical
circulate,epidemic
tricky,procurement
maybe,persist
leak,lend
trucking,heighten
flash,spouse
dismiss,discontinue
rebate,helicopter
desk,disruption
reduction,traveler
capitalist,absence
illness,anxiety
determine,speech
cycle,pinch
abroad,jointly
easily,farmer
negotiate,super
threat,fiscal
confirm,temporarily
string,explosion
arena,cabin
remark,weight
registration,bottle
leasing,severance
protect,recognize
output,turbine
confident,plummet
superior,suffer
cautious,outcome
hype,correct
respond,commit
photo,sudden
roof,sideline
speed,resist
core,calm
hardware,quarterback
exercise,contender
impressive,prototype
solo,ball
difference,brown
skill,jewelry
notably,breakup
captain,inside
burden,organ
broaden,emergency
merge,wind
throw,advertise
pact,impose
similar,muscle
mogul,flier
balanced,halt
trainer,activity
architecture,anticipation
uninsured,hiring
scout,cold
investing,collapse
enlarge,ceremony
proof,attend
surpass,haven
killing,action
shortfall,urge
relevant,interim
basket,mouse
boon,retiree
renovate,layer
essential,typical
bidding,train
button,wine
align,territory
bell,prevention
learning,overhead
robot,brother
devise,love
logic,departure
magnetic,protective
timing,pitch
intention,scanner
annualize,withdrawal
tablet,bind
clearly,environment
fierce,maintain
rapidly,northern
impairment,facial
vault,petroleum
vacation,criticize
bundle,bird
transform,meltdown
cutting,redemption
detect,wrap
monetary,wash
creator,adverse
shift,firmly
direction,retrieve
enhance,script
consent,watcher
hockey,costume
technological,precedent
dilute,colleague
capable,specific
visibility,undergo
diligence,diagnose
arthritis,reshape
applaud,technique
inflate,pant
thought,chronic
grandmother,wonder
robotic,grocer
bomb,accumulate
concentrate,framework
aspect,southern
bullish,tank
task,underground
messaging,erode
wrong,temporary
seasonal,freeze
dance,flooding
western,boot
apiece,fruit
extensive,empire
accessory,frequently
assessment,wire
referendum,routine
gang,lure
library,roster
math,cheap
caution,wealth
quest,landing
consultancy,interaction
fiction,employ
completion,crop
hospitality,turkey
advise,worst
relative,exclusivity
sweet,consequence
forthcoming,booster
sample,legislative
capture,east
removal,distribute
organisation,remember
overcome,upfront
detailed,liver
appointment,swim
governance,synthetic
deductible,danger
loud,ethical
massive,resignation
plaintiff,troubled
streak,stretch
wrongdoing,fluid
stranger,west
rest,downward
subsequently,workforce
administrative,emphasize
password,tanker
funeral,aggressive
gamble,deeply
champion,traditionally
culture,diaper
adjusted,retreat
funny,complain
ally,outsourcing
thin,financially
reader,river
obstacle,personality
tier,divestiture
explanation,bureau
tentative,renegotiate
phrase,sight
ironically,safeguard
tack,suburban
filter,fail
reckon,feeling
screening,conflict
architect,beauty
conservative,staple
substance,vigorously
organizer,carmaker
focused,imagine
planning,engagement
chemotherapy,certify
format,taxpayer
gear,extremely
leap,properly
optimistic,terrorism
namesake,consideration
crowd,commissioner
distressed,aide
hide,strip
pioneer,agriculture
section,lobbyist
dining,falter
repeat,arise
reliance,lately
popularity,wood
delegate,undervalue
router,clot
preference,identical
moderate,corner
robbery,normally
workplace,spare
wish,spur
underestimate,belong
cyber,dramatic
warm,erupt
measurement,stakeholder
stainless,discrimination
spring,successfully
scenario,solution
upbeat,diversified
narrowly,dominance
overpay,vital
fundraising,reliable
obvious,environmentalist
conviction,detergent
happy,overstate
seize,assess
transparent,painkiller
cheese,destroy
indicator,sculpture
guitar,musician
concept,penny
orient,roll
obscure,fellow
tear,depart
nomination,promotional
entirely,misleading
allocate,flee
chocolate,bake
nature,basic
basement,ensure
bubble,toll
steam,coast
revision,precious
embrace,efficiency
accountant,snack
inch,runway
clip,conclusion
firearm,citizen
respiratory,shape
realize,anger
choice,mandate
vessel,beta
asbestos,transformation
loyalty,reluctant
blade,await
tailor,pride
comedy,mileage
bottom,runner
revival,tradition
minority,understanding
optical,limitation
cinema,spook
metric,mislead
calculation,slice
eventual,vision
elite,execution
memorial,usual
restate,ignore
nominate,advocate
spotlight,photograph
reimbursement,crucial
bearish,coupon
incorrect,daily
occur,groom
variant,diamond
chat,theory
collector,absolutely
allergy,formally
placement,sluggish
specialise,annual
illegally,technician
reap,subcommittee
institute,trip
sequence,depth
lengthy,nationally
meter,aging
capitalize,showroom
repeal,shatter
electronics,painful
drawing,severely
widely,continued
topic,twin
programmer,anonymity
fold,lucky
quadruple,exporter
allowance,trademark
surprisingly,erase
apparently,tone
suburb,charity
genome,enforce
contracting,vintage
backer,assembly
respondent,capitalism
birdie,suspension
consume,progressive
consecutive,deterioration
crime,keen
assurance,headache
exact,quantity
musical,dilemma
essentially,wing
pure,quantitative
vacant,gauge
logical,deter
breakthrough,aftermath
strange,tightening
acute,dash
merely,discourage
newsletter,senator
living,receiver
convention,signing
listen,logo
submarine,paperwork
characterize,cooking
lump,religious
transparency,combat
dream,goalie
useful,wholly
convict,inventor
scholarship,stiff
medal,videogame
rebuff,crunch
custody,safely
calendar,soap
working,animation
dramatically,predictable
bargain,legitimate
interfere,alter
overture,excessive
ambassador,crack
listener,jurisdiction
classic,ceramic
telecommunications,spiral
mushroom,kiosk
relocation,brace
helpful,forth
exclusively,dioxide
running,reconsider
townhouse,broadly
adjacent,tune
glimpse,tube
antique,allocation
amortization,cautionary
smartphone,atmosphere
slight,possession
encouraging,tropical
relax,surely
path,chunk
memoir,fiduciary
cook,appraisal
monitoring,displace
thermal,steadily
mitigate,spirit
native,railway
differentiate,constrain
regularly,equip
strictly,injury
rollout,underwear
