Positive,Negative
loss,giant
firm,unit
debt,insurer
contemporary,chip
news,earning
short,spokesman
dear,innovation
swim,pharmacy
vehicle,currency
fiction,global
liquidity,multinational
publicly,diaper
playwright,license
resign,pipeline
voter,corporation
choreographer,foreign
peace,project
chicken,conglomerate
assessment,buyback
prisoner,computing
technology,world
gene,bank
hope,acquisition
collapse,franchise
closure,drug
rental,pharmaceutical
airport,debit
inmate,spokeswoman
consolidation,article
alternative,equipment
inquiry,railroad
murder,cable
dancer,tech
writer,regulator
firearm,growth
tire,join
fare,processing
tumble,multiple
outflow,refining
musician,toothpaste
plummet,employee
online,card
bureau,analyst
piano,carry
photography,warning
adore,official
boat,engine
staging,utility
music,engineer
rent,plant
estate,packaging
diplomatic,blockbuster
public,arthritis
make,warehouse
faculty,repurchase
athletic,globally
real,benefit
escape,rival
composer,program
dairy,income
poultry,broad
print,exclude
plunge,vice
adviser,field
unchanged,detergent
survivor,promote
lose,cereal
passenger,storage
independent,titan
base,strong
terrorist,grocery
pool,soap
furniture,networking
terrace,sponsor
historian,initiative
referendum,throw
publish,increase
listing,prescription
credit,rise
steel,aerospace
racing,hotel
recording,paint
indict,cigarette
photograph,improvement
commander,overall
collection,telecommunication
guitar,sugar
buyer,package
choreography,gasoline
stone,implant
exhibition,innovate
chief,retire
widen,insurance
royal,cancer
found,hardware
vocal,banking
artist,chocolate
unsolicited,successor
fireplace,energy
drop,index
cash,snack
solo,razor
truck,option
bookstore,corporate
dancing,chairman
specialize,meeting
negative,career
mourn,beverage
staff,head
investigation,industrial
prime,takeover
literary,blade
fitness,telecom
pension,unveil
film,semiconductor
newspaper,broadband
movie,subscriber
soprano,mobile
race,device
toll,western
search,customer
digital,battle
publishing,risky
adult,drilling
turmoil,delivery
meter,comment
forensic,logo
chorus,boost
research,pass
singer,router
signing,gain
redemption,treat
kiss,advertiser
nursing,fund
publisher,culture
postwar,counterfeit
conviction,color
recreational,console
nominee,billboard
cabin,pill
close,handset
specialist,competitor
assassination,consumer
offer,channel
villa,standard
rescue,browser
detective,organization
publication,expire
convict,merger
intelligence,marketing
girl,prevent
parent,exploration
university,outsourcing
bombing,regulatory
aunt,label
attempt,reserve
limited,natural
modern,division
cold,fake
fall,flavor
loan,city
alliance,death
reject,regulation
volunteer,gray
republic,total
killing,premium
condolence,rank
turnout,technological
ballet,campaign
council,replace
turn,compensation
exempt,develop
landlord,messaging
education,guidance
shooting,sponsorship
look,generate
force,software
gilt,antitrust
exodus,tobacco
cite,content
senator,proxy
bedroom,shipment
founder,role
endure,graduate
distress,father
mattress,handful
diamond,crude
dining,capability
reader,succession
ripple,worldwide
passage,pricing
defunct,product
wartime,merchant
assault,display
racial,attack
primary,pulp
armed,marketer
flight,promotion
civilian,subsidiary
novel,claim
good,drugstore
breach,interest
restaurant,document
extraordinary,stent
ocean,health
assistant,usage
justice,refiner
advance,plaintiff
garden,approve
authorize,cellular
gate,refinery
accompany,data
promoter,sclerosis
arrest,patent
party,supermarket
census,generation
social,export
legislative,strike
coordinator,server
seasonally,resident
coaching,outage
meat,policy
satellite,network
seat,employer
airline,compare
inspector,barrel
acquaintance,tractor
sympathy,issuer
footwear,commerce
troupe,advertise
memoir,holder
choreograph,environmental
sexually,appeal
abortion,suit
mail,endorsement
exemption,shampoo
small,game
anonymity,exceed
soul,wireless
punishment,jetliner
grandfather,fine
people,ruling
album,boss
musical,integrate
resignation,compute
amortization,large
beach,development
halve,leadership
medium,signal
circulation,format
median,expansion
supplement,defense
weight,replacement
restore,enable
governance,investor
library,resource
audience,wife
south,risk
story,partnership
surplus,originally
edition,photo
television,valuable
journalism,programming
consequence,expectation
economist,daughter
statement,venture
duty,shopper
difficult,bill
curator,memory
assist,offline
hedge,remove
closing,technical
bankruptcy,procurement
grandchild,offset
enrollment,payment
troubled,transaction
definitive,branch
newly,late
feature,medicine
domestic,cellphone
assurance,aircraft
reception,staple
shoe,building
money,average
correction,government
sculpture,dominance
bath,return
singing,holding
deteriorate,estimate
volatile,title
renegotiate,manufacturer
juvenile,room
pistol,copper
institutional,vendor
lodge,area
antique,climb
hunting,variant
presidency,final
ambassador,train
jewelry,dollar
discussion,discriminate
transit,cookie
nonstop,pledge
religious,boycott
salvage,dominate
save,entrepreneurial
churn,processor
bearing,acquire
leisure,tout
ballot,programmer
tribunal,beer
sustain,windfall
nurse,coffee
principal,treatment
model,additional
earth,clean
current,battery
teammate,valuation
rock,explosion
testify,price
nightclub,freight
restructuring,profit
broker,traffic
suspicion,rate
specialise,important
obligation,animation
reasonably,sector
divorce,consume
regime,tell
sexual,memo
week,distribution
commuter,royalty
winery,separately
revival,recently
vacuum,overseas
shuttle,design
corner,nation
mountain,optimistic
find,symptom
jumbo,count
nomination,locomotive
positive,conference
cherish,authority
quartet,drive
dance,harm
horse,brewer
undergraduate,gift
fate,cover
apart,toilet
detention,relate
espionage,currently
workout,propel
jazz,widely
indictment,lead
share,awareness
designer,speak
statewide,organic
residence,spend
medieval,cholesterol
newsroom,power
artwork,coverage
sound,police
surprised,infection
cease,ahead
inception,healthcare
daily,water
appoint,trash
host,relatively
identity,bear
absence,popularity
warrant,country
manipulation,reward
cast,commitment
innocence,visa
inherit,pose
fresh,media
romance,patient
gambling,telecommunications
release,diabetes
provide,medication
dealership,mark
bailout,massive
basement,tissue
drawing,donation
rooftop,infrastructure
stylist,invest
unidentified,operation
pole,underwriting
fighting,consumption
vanish,apply
swing,bonus
tick,machinery
exhaust,child
selling,tooth
extreme,proposal
refinance,seed
writing,test
governor,dominant
allow,virtual
motor,liability
captain,allergy
exchange,euro
violation,speed
army,blood
investigate,maker
initial,breakthrough
management,derivative
emergency,woman
rebel,viewership
experience,icon
holiday,behemoth
homicide,viewer
seller,economy
urgency,previously
standing,merchandise
genetic,triple
offense,tape
fiscal,helicopter
kitchen,catastrophe
tennis,completion
deficit,medical
assumption,payroll
learn,diversified
catalog,comparable
comedy,typically
mental,process
imagination,spending
mystery,emission
bondholder,letter
rough,comply
neighbour,advanced
wait,dream
statue,shopping
cure,yogurt
journey,scan
lease,integration
false,follow
atmosphere,fire
psychological,litigation
raid,effectiveness
announce,calorie
nominal,dividend
violent,version
traveler,disclose
financing,manufacture
enrol,entrepreneur
knife,biotechnology
great,effect
majority,garage
robot,general
timing,representative
wealthy,cooperate
knowledge,express
viable,argue
mass,household
junior,code
tragedy,fiber
director,settlement
tight,lobbyist
distressed,expiration
operative,oversee
attendant,candy
vintage,supply
rider,prior
island,recommend
different,folder
medal,streaming
intermediate,internal
staffing,actually
subject,tailor
teacher,drill
liquidation,momentum
shore,weigh
chart,consultant
classroom,charge
book,bellwether
performer,earn
confidence,affect
creditor,mega
secondary,startup
bail,obesity
fold,formula
managing,eclipse
officer,tanker
mutation,electricity
student,interface
habit,regular
plane,tournament
propose,chat
company,message
avenue,port
ticket,ingredient
combined,wipe
foster,operating
weapon,note
landing,region
financially,creator
suspend,discipline
vacation,guru
primarily,safety
proportion,light
favour,mind
chef,liquid
repayment,state
hybrid,aside
prepare,checking
structure,unfairly
controversial,elaborate
anniversary,cleaning
expert,monopoly
aviation,major
wheelchair,grow
cancel,dispute
editorial,modify
boutique,invention
restoration,philanthropic
accuse,capitalist
hall,prominently
monument,phenomenon
burn,quickly
portrait,illegal
clothing,disk
analysis,stadium
compile,detection
buffet,remark
decoration,tool
priest,desktop
commonplace,edge
pork,grab
trip,commercial
beautiful,heart
commute,underwriter
high,advertisement
independence,standpoint
administrator,normal
specialty,damage
accessory,tank
scene,speculation
constitutional,ready
horror,shirt
anxiety,related
occasionally,stick
venue,input
editor,metal
flier,backer
hill,hold
feed,criticism
meal,sluggish
orbit,tariff
recorder,oppose
intern,beta
swimming,fill
shadow,email
hero,figure
liberal,transfer
college,repair
default,balance
theater,deal
cattle,shape
legislator,worth
downward,beat
retain,compete
bachelor,downtown
fashion,communicate
mile,neutral
taxable,skill
marriage,pipe
reading,realize
popular,improved
carmaker,videogame
premiere,cartridge
festival,spill
prize,charity
extremist,bulk
employ,bidder
rapid,chemical
road,aluminium
structural,case
district,merchandising
educational,wealth
overhead,franchisee
illustrate,artificial
control,window
magazine,outpace
submarine,midsize
door,syndicate
union,scramble
funeral,production
concerned,giving
beloved,subsidy
planner,password
compelling,office
muted,innovative
clay,accustomed
provider,margin
overlook,rollout
bruise,portion
secretary,keyboard
focus,plastic
theatre,placebo
brother,hiring
outbreak,alert
reunion,insert
depth,hostile
terminal,glass
lecture,dose
judicial,pact
separation,hair
course,blow
match,instant
cluster,relevant
site,associate
rocket,straight
dealer,later
certain,baseball
concentrate,facilitate
halt,headache
trading,activist
reopen,controversy
inventory,location
workshop,billionaire
survive,output
downgrade,reinsurance
historical,brief
hand,largely
person,stress
manage,ultimately
park,expenditure
village,absolutely
owner,lady
rename,lucrative
blame,expand
financier,smoothly
teaching,disappoint
pair,sneaker
outdoor,talent
tactic,shot
denominate,waste
slope,respectively
destroy,segment
sharply,optic
provoke,rapper
printing,birdie
waive,wholesaler
hitter,optical
railway,bidding
struggle,payout
militia,thrift
sing,view
laser,generator
vigorously,kick
possible,consortium
subsequent,deposit
terminate,perk
club,browse
form,consult
take,guest
receiver,closely
deeply,capsule
probability,upgrade
honor,infringe
killer,anytime
withdraw,nonprofit
benchmark,click
image,mislead
carve,motion
recreation,robust
bicycle,crisis
think,action
recipe,measure
casual,defibrillator
floor,promising
half,soda
tour,arena
sewer,surgical
retreat,aggressive
patio,cause
near,navigate
plate,bureaucracy
camp,peer
possibility,opponent
explain,principle
dinner,locate
layoff,smoking
regard,restrict
designate,contrast
business,bottle
barn,hacker
tenant,agricultural
intend,percentage
housing,attend
turnaround,weak
difficulty,oral
registration,ladder
observation,spreadsheet
affirm,clear
caller,bulb
dramatic,allegedly
contribute,afford
reportedly,fighter
professor,costly
master,smoker
exhibit,slogan
incur,court
specie,lending
applicant,shipping
shortfall,offshore
harassment,favor
uncle,account
inevitable,electrical
prolonged,feedback
diagnosis,telephone
stability,importance
refrigerator,profitable
classic,globe
sink,travel
trunk,accounting
audio,cream
closet,worry
rebound,open
penetration,branding
admission,detect
penny,picture
opposition,similar
attendance,appealing
trailer,league
repay,plenty
subsequently,success
angry,expect
impairment,scare
pregnant,doctor
affordable,previous
encounter,watch
internationally,underscore
decrease,continue
intensive,longstanding
champagne,landfill
shoulder,generally
complicate,disc
badly,phase
incident,antidepressant
existence,occur
matter,strategist
sovereign,exploit
obtain,surge
attribute,diversity
interior,shelf
route,underlie
drum,oversight
night,event
concession,disposal
undervalue,routine
married,certainly
withdrawal,competition
confront,manager
conspiracy,range
crush,capture
premature,injunction
allocate,instance
injury,trademark
author,tune
mistake,pleased
thwart,fully
unite,disposable
prominent,common
custody,justify
saving,predecessor
personal,illegally
lift,efficacy
river,sophisticated
studio,recipient
speaker,shade
teach,hook
trigger,mouse
training,fight
information,nuclear
suburb,green
operator,restricted
reveal,fraction
junk,piracy
reporting,malicious
regional,eventually
quality,register
exist,transmit
relaxed,nail
elect,discourage
photographer,excessive
roughly,dwarf
available,inform
know,gauge
movement,remote
designation,crack
reverse,competitive
county,facial
respondent,ceremony
background,efficient
erosion,driver
shout,modestly
dead,cheer
municipal,shift
severance,transmission
band,modest
recognize,bolster
patron,shell
prison,digit
slave,extract
sedan,type
labour,booming
sick,strip
gang,restriction
character,progression
cake,volume
trouble,handle
troop,database
poll,bribe
worsen,quadruple
amenity,strategy
relay,judgment
word,exercise
tracker,violate
strongly,breakup
stance,underground
supervisor,initially
cinema,kill
incumbent,bake
bomb,middle
chest,avoid
prolong,machine
eligible,shake
consist,lobby
stockpile,manual
flood,victory
month,vast
cabinet,convenience
assembly,relationship
entice,award
numerous,guard
bird,improperly
cell,unfair
wary,leader
panel,dimensional
disabled,joke
attract,similarly
recent,uniform
shocked,mainland
miniature,drink
central,shoot
neighborhood,implement
suspension,year
bargain,member
disability,shrink
perfect,agree
logistic,defence
guess,donate
residential,taste
ethic,double
ownership,white
radiation,advocacy
help,comparison
infusion,earthquake
deck,pickup
invoke,aggressively
wound,enthusiastic
context,filter
baby,value
dine,directly
guilty,cruise
borrowing,glance
validate,upscale
literature,meaningful
nature,history
enemy,overcome
mainly,contractual
connection,casualty
steelmaker,bubble
ripe,kidney
bind,fuel
scrutiny,miss
crash,wrongdoing
colour,trade
truth,rubber
problem,stage
strain,successful
steep,scenario
relocate,evaluate
discover,moment
down,capital
collect,rebate
maturity,burger
humanitarian,issuance
ceiling,pretty
angle,greenhouse
bury,snag
illness,early
chic,actual
bounce,salary
sample,handy
tone,cardiac
confirmation,unspecified
balloon,weakness
manner,lawyer
table,stint
midst,apparent
speculative,cloud
involvement,idea
description,presentation
beef,sway
scrap,powerful
actress,alien
trick,heating
internet,review
doom,subprime
climate,mineral
soybean,storefront
oust,scroll
automotive,warm
squeeze,telecoms
fortunate,binge
spark,redeem
defensive,auction
purveyor,outside
painful,spinoff
electronic,controller
object,bleeding
mean,potentially
prospective,plug
substantially,greedy
soldier,discuss
considerable,cleaner
linger,hardly
painting,application
skilled,heavily
obviously,purchase
mortar,workplace
collector,realistic
hospital,simultaneously
system,sanction
blower,optimism
friendship,orange
metropolitan,precision
fame,point
clothe,respect
lace,facility
ritual,researcher
negotiating,seal
condo,regulate
instruction,smoke
accommodate,infringement
kiosk,simplify
borrow,reflect
youthful,jointly
sporting,minimal
pound,simulation
mobility,affected
deny,relinquish
disorder,combine
smart,feel
nerve,sandwich
conclusion,pull
rebuild,incorporate
deadly,licence
wing,probably
distinct,mixed
multi,conduct
contend,salesman
salad,obstacle
petition,speech
delay,dole
glove,adjusted
bargaining,mild
artifact,bean
mount,unique
definition,stretch
bell,declare
restructure,debate
adjustment,counter
session,face
elimination,insight
passive,sizable
resistance,query
specialized,organisation
solicit,airplane
consultancy,separate
graduation,homeowner
sadly,integrated
misstate,naturally
politically,disrupt
certainty,pursue
variety,land
impede,sync
snap,split
fixing,silicon
weaken,proprietary
class,effectively
impression,clarity
tree,retention
empire,sheet
survival,familiar
wise,loophole
proceed,sand
