Positive,Negative
movie,schedule
rise,payment
deliver,exposure
sale,immediately
revenue,evaluate
strong,sheet
computer,spokesman
growth,regulation
dollar,bond
video,governor
forecast,call
maker,serve
single,give
business,level
exclude,option
analyst,trader
average,cancel
lift,buyout
price,sell
bump,detail
income,pharmacy
good,intend
litigation,review
strengthen,severe
online,selloff
subscription,warning
publisher,shareholder
comparable,fund
gross,study
grow,seek
presence,great
high,announce
complaint,public
earning,hold
rival,award
report,cell
drive,obligation
weak,administration
profit,necessary
house,accord
digital,asset
increase,uncertainty
margin,crisis
downtown,generic
card,assume
housing,damage
kitchen,government
feed,salary
star,confirm
share,recognize
wireless,recession
version,bank
upgrade,lose
traveler,head
shopping,start
modest,respond
article,surprise
expectation,take
loss,chemical
result,contract
reflect,flow
game,therapy
retailer,dealer
double,receive
chain,consult
period,meeting
fiber,commitment
post,effort
coffee,seriously
school,nation
hire,likely
stake,director
store,manage
expensive,support
nearby,buyback
vacation,program
service,appropriate
boost,aware
product,equity
packaging,grant
appeal,volatility
complete,drug
interesting,representative
antitrust,exist
seat,health
cosmetic,marketer
designer,current
course,block
cite,repair
surround,troop
software,work
plaintiff,hearing
capture,agency
metal,manager
seasonal,medical
solid,electric
transport,oversee
property,derivative
memory,hedge
host,debt
clearance,effective
fish,worldwide
licensing,secure
rely,tell
produce,paint
competition,president
prefer,speech
laptop,staff
taxi,cast
processor,appear
site,bankruptcy
performance,viewer
city,postpone
tend,accomplish
developer,term
expansion,trade
transform,reduce
final,airline
subscriber,practice
food,pressure
source,fail
selling,wear
parent,previous
record,person
location,statement
license,instrument
show,risk
appoint,volume
reason,form
gain,chocolate
teen,swap
value,temporarily
generate,back
discipline,territory
datum,delay
thank,slide
lady,banking
manufacturer,recipient
jump,scientist
beach,provide
need,hope
weakness,reject
beat,fear
currency,heavy
analysis,deny
server,casualty
segment,father
union,worth
rain,potential
database,join
score,layoff
category,investor
provider,contractor
project,structure
title,saving
turn,official
succeed,attempt
ingredient,freeze
rate,effect
resource,response
architect,bind
ubiquitous,expertise
twice,subsidiary
pick,exchange
directly,position
language,symbol
museum,biotechnology
climb,repay
inflation,treat
represent,trial
wedding,pill
improved,mutual
space,sink
household,activity
homeowner,railroad
rocket,refinance
factor,poison
number,weaken
experienced,anonymity
flavor,plummet
consider,identification
travel,coating
ground,repurchase
office,automate
partly,plunge
consumer,correct
grandmother,divide
subpoena,lower
valuation,infection
affiliate,merge
cost,enforcement
sweet,urge
remote,finance
screen,maximum
raise,speak
reach,signal
internet,important
river,boutique
fantasy,long
system,proxy
wave,excess
estimate,party
steel,plane
release,update
footprint,successor
entertainment,part
exclusive,climate
programme,minister
inventory,wealth
widen,bear
small,rule
highly,violation
opportunity,fight
safety,producer
infrastructure,conflict
projection,regional
barrier,ownership
handful,channel
enterprise,vaccine
salad,exception
increasingly,ball
song,fire
strength,individual
exceed,negotiation
protein,difficult
control,special
private,modification
commerce,body
transition,specific
nonprofit,billionaire
flight,drill
rental,stability
overseas,congressional
welcome,unusually
encounter,suffer
return,associate
triple,promotion
profitability,experience
actor,contact
champion,talent
cent,shake
network,vary
resolution,rating
agent,unable
play,extent
fuel,clearing
compare,clear
builder,commit
real,warn
image,owner
fare,firm
world,integration
percentage,unemployed
pair,attorney
seller,comment
avoid,grocery
outage,technology
recent,select
access,engineering
region,efficiency
settlement,financially
insurance,approval
count,trim
user,rich
bidder,relative
design,anticipate
writer,technique
poll,population
outsource,leasing
thin,disrupt
momentum,hostile
employ,research
confident,dependent
invent,banker
productivity,caution
milk,distributor
lucrative,deployment
fragrance,obtain
bookstore,family
instal,factory
centre,extraordinary
like,worsen
theater,appointment
swing,leverage
buoy,prevent
extra,align
wane,test
gaming,object
meat,breakup
little,issue
copy,deputy
knowledge,publish
deduction,globe
live,witness
care,wife
data,coal
creative,commercial
renewable,revise
installation,strongly
code,senior
oral,violate
recommend,demonstrate
essentially,weapon
green,enable
resume,unsolicited
tech,stockholder
close,preliminary
search,supermarket
leave,cargo
conference,largely
home,scenario
waste,regulate
phone,specialty
solar,capital
complement,dispute
original,primary
story,filing
sentence,reform
wood,item
airplane,slowdown
driver,maintain
skill,pass
print,protest
mass,snap
receipt,repayment
enlarge,brain
right,gambling
regulator,convertible
inch,graduate
captain,modify
setting,mask
warm,chairman
consortium,foundation
require,tracker
note,gauge
negotiate,variety
slim,submit
name,method
apparel,brief
breast,salesman
manufacture,mount
closure,teller
build,purchasing
recommendation,solution
wage,choose
innovation,quality
stall,downturn
advice,colleague
plate,bail
finding,grade
logistic,stick
gene,briefly
peak,punish
teenage,happy
north,engage
bias,formal
holder,flock
hopeful,commander
compete,useful
month,familiar
franchise,duration
entirely,administer
neighborhood,sufficient
boom,safe
explain,unprecedented
hiring,uncertain
alcohol,confidence
platform,elect
year,slot
minute,letter
relationship,stress
vendor,memo
speed,people
luxury,transparent
finish,pharmaceutical
rebate,tumble
enrollment,storage
election,defer
disaster,prescription
transmission,creditor
computing,bearish
outpace,stem
quarter,deadline
offshore,propose
generation,face
particularly,reverse
portal,crude
rapidly,financial
racing,delivery
sneaker,daughter
nice,justice
exhibition,rapid
trip,discussion
expense,indicate
rank,incorrectly
audit,blood
season,arrangement
manufacturing,incentive
prepared,hardware
doll,civil
legal,disclosure
gamer,collect
meal,apartment
late,spokeswoman
major,alliance
building,initiate
broadband,assess
cope,protection
historical,drilling
dial,portion
corn,takeover
floor,capitalization
peace,benchmark
bridge,found
airport,internal
suppose,legend
digit,advertise
actual,compound
regular,fully
liquid,different
attitude,steal
unique,break
open,investing
transaction,separate
concept,additional
gold,murder
photograph,trademark
potentially,stent
cable,incident
convention,tradition
sized,institution
slip,default
related,underwrite
await,pleased
tourist,throw
street,vote
higher,inquiry
airwave,question
disposal,craft
weigh,prompt
proof,fill
spin,subject
appliance,simple
collaboration,temperature
cycle,insight
wheel,allegedly
diverse,auto
overall,protester
busy,anxiety
mixed,ensure
wrap,deep
immigration,allocation
scene,forecaster
electricity,authorize
dairy,present
grass,explanation
mark,identity
calculate,specialist
coastal,determine
button,defensive
command,organization
facial,acquirer
chart,hammer
runway,abandon
escalate,taste
studio,suitor
drinking,contraction
memorial,remind
affidavit,contingency
ethanol,doom
lodging,ranch
past,relation
interface,stockpile
tenant,resolve
pursuit,short
residential,actively
extensive,consent
traditional,reader
shoe,surgery
route,adviser
ship,milestone
miner,purpose
reveal,wipe
concession,tweak
sensitive,metric
soar,bounce
edge,brother
ahead,dealership
multiple,secondary
storm,inform
catalyst,electrical
complex,blade
typically,bulk
actually,collapse
driving,upstart
hour,redeem
operation,illness
drink,pioneer
engineer,substance
convict,inflow
ride,military
link,headquarters
economic,insert
component,permission
appearance,petition
cyclical,critic
exclusively,degree
audio,liquidity
novel,testify
recruiting,invite
angry,cooperation
sample,gloomy
encourage,spare
pretty,determined
middle,equal
upcoming,establishment
second,conspire
overwhelming,bureau
endowment,advance
crazy,automotive
advisory,goodwill
synergy,remarkable
pattern,inspection
illegally,deepen
hang,penny
composite,borrow
chicken,stroke
mobile,coverage
council,requirement
refinery,communication
medicine,natural
beauty,list
think,south
basis,have
background,reserve
scandal,rumor
surge,funding
stay,proceed
legislation,scrap
artist,advertiser
float,tick
aspire,wound
terminal,enter
ruling,outflow
evidence,pant
wheat,concentration
layer,tolerance
labor,quick
grab,intention
college,shoot
race,publicly
hole,package
television,effectiveness
material,security
view,participate
barbecue,stream
cool,alternative
accident,resort
namesake,press
consolidation,preparation
abuse,particular
rarely,motorcycle
booking,oust
education,inspector
campus,symptom
aluminum,gathering
representation,bailout
tanker,arthritis
listen,favor
mirror,subsequently
athletic,lifetime
load,anticipation
cream,touch
threshold,retain
router,clean
abortion,renovate
concentrate,guess
footwear,entity
pulp,county
retreat,reporting
depend,departure
refining,instant
word,subsequent
primarily,compelling
bidding,governance
workshop,assumption
unexpected,specifically
turnaround,necessarily
knock,stack
mandate,comfortable
messaging,nominate
university,opposition
theme,burn
revamp,junk
removal,freedom
camp,worry
mistake,correction
academic,threaten
science,marry
thought,retire
surcharge,painful
tourism,qualified
prison,teach
function,amount
crop,surgical
week,slight
beta,candy
injury,marriage
recruitment,cattle
foothold,reservation
cellular,dilute
highlight,sharp
accessory,skate
disappointment,reluctant
visitor,donor
numerous,bull
aspect,decide
resident,reception
calorie,businessman
tomato,infringement
beautiful,drastically
guide,monopoly
certification,restriction
classified,tobacco
hurricane,deeply
deficit,adopt
sequence,opinion
advertisement,death
plenty,physician
format,institutional
underground,civilian
pare,contaminate
breach,kick
drawing,juice
western,negative
wind,grain
comeback,steep
download,investigator
focused,halt
complain,relief
mystery,stop
suggest,blend
newcomer,electronically
tower,precedent
accumulate,cleaning
retention,appealing
publication,capitalize
desktop,helicopter
sexual,antibiotic
history,indict
door,consultant
tariff,govern
tire,tackle
road,supervisor
urban,depressed
kind,maturity
author,soda
spectrum,shave
sponsorship,supplement
escape,jointly
upbeat,explore
running,mature
realise,stir
fluid,judgment
tenure,financier
redesign,rout
nascent,staple
significantly,payroll
overcome,landlord
discretionary,criticize
scatter,decision
desk,shot
involved,missile
praise,import
pact,controversial
shelf,independence
column,thinking
table,container
broaden,amortization
highway,nearly
console,cheer
leap,collateral
library,peer
hefty,introduction
combined,considerably
upward,erase
crowded,believe
cook,recognise
assistance,execution
organisation,contend
recall,closely
videogame,repeatedly
bird,usually
scent,complexity
foot,instance
ramp,profitable
catalog,activist
incorporate,fighter
pitch,publishing
balanced,stimulus
native,apart
treasurer,detailed
mechanical,tragedy
promoter,unrelated
ring,dark
island,applaud
wish,surrender
sausage,knife
scan,gambler
intervention,outdated
scholarship,hunting
journalist,manipulate
boomer,mileage
exciting,separately
policyholder,crash
optic,expiration
steam,scheme
input,extend
fluctuation,dose
advanced,incremental
fashionable,musician
relevant,sentiment
industrywide,anger
restrict,renegotiate
interim,ambitious
rest,premiere
tough,subcommittee
comedy,defeat
brew,artery
read,elderly
feature,window
sideline,underwriting
wine,prevail
technological,fine
overhaul,trigger
reference,somewhat
upper,formally
favorable,longtime
pour,password
chemotherapy,culture
totally,thwart
razor,dead
endorsement,buck
operational,excessive
regularly,type
cutting,seal
printer,qualify
cheese,disorder
classroom,weight
poise,smile
recruiter,mislead
main,payout
female,emit
consume,soften
attach,mental
amenity,army
organic,eastern
eventually,describe
tuition,automobile
outlet,trustee
problem,promising
buoyant,planning
massive,diabetes
afford,extract
consumption,initially
graduation,mansion
backdrop,jurisdiction
episode,bacteria
remark,sing
band,opposite
temporary,hometown
magazine,predecessor
sport,principle
entire,proud
parcel,respiratory
menu,demographic
cafe,liver
surf,jetliner
learning,ethnic
cotton,exemption
defence,false
justify,balloon
durable,conglomerate
employment,wonder
promotional,fortune
assure,insulin
limited,height
boss,disappear
chair,turmoil
seed,lung
petroleum,missing
offensive,lately
surpass,traditionally
especially,upset
diaper,promise
inject,preference
aerospace,uphold
undisclosed,media
hacker,direction
grand,sizable
billing,implication
placebo,tumor
chat,trouble
text,verify
divestiture,matter
creator,foreign
adventure,sclerosis
thick,compromise
accommodate,notify
newsletter,crime
loud,guitar
dedicate,professor
lumber,adoption
desert,tricky
journey,basic
laugh,qualification
making,guard
expression,diversify
custom,national
improper,anti
oxygen,crack
flood,surprisingly
capitalist,elevate
generally,celebrate
weekend,consolidate
regard,tension
virtually,fence
spinoff,cloud
tournament,powerhouse
association,collar
lackluster,victim
euro,plot
makeover,characteristic
turf,detergent
efficacy,legally
ideal,flee
quit,franchisee
wrong,conclude
recording,economically
lecture,immediate
foray,prediction
certainly,shortly
hamburger,butter
assembly,mission
corruption,welfare
endorse,controversy
backyard,rescue
automation,simplify
album,lieutenant
apply,adhere
straight,distort
voluntary,flexibility
groom,batter
patch,bankrupt
candle,calendar
hill,medication
painting,voice
depositary,wooden
northeast,indication
flip,sporting
tiny,unfortunately
wholesale,dinner
chunk,birth
originate,certainty
ceremony,circumstance
backup,dominant
compute,impose
forum,technical
remotely,difficulty
exit,cease
province,jolt
coin,bean
lock,helm
instead,element
hair,mini
adjacent,occur
snack,replenish
mine,pool
brake,motivate
discourage,incur
cord,sprawl
pharmacist,penalty
hike,arrival
discriminate,pregnant
zone,diversification
mountain,allergy
liquefy,mess
blockbuster,excellent
appreciate,bridegroom
east,waiver
convenience,slice
contributor,bellwether
adapt,reconsider
church,unanimously
internationally,disability
prosecution,rough
savvy,mean
deduct,outline
oven,precise
mailing,hepatitis
summary,salesperson
embed,equally
trump,diversity
branding,deadly
pure,affluent
harvest,bulb
gate,widespread
roof,frozen
mortar,tally
shine,consist
restitution,assessment
affordable,consecutive
fancy,recognition
silicon,convene
definitely,adjustment
chew,eventual
advocacy,realm
reactor,sand
chop,implant
acceptable,marginally
towel,smoking
night,residence
racial,detective
revival,conventional
shade,erode
powder,solve
religious,churn
cabinet,observer
compact,monitoring
ultimate,twin
install,drama
influential,notable
festival,nomination
strict,portable
dust,lack
subway,strain
quote,affirm
recreational,conclusion
forget,speculate
gallery,behalf
selection,corner
guideline,dictate
substantial,horizon
bottom,respondent
lawn,adequately
finalize,youth
blue,committed
inside,bombing
reap,wild
influx,recoup
tired,section
sudden,endanger
sophisticated,transplant
gray,aggregate
scam,finger
explode,attendant
flop,failure
frontier,surgeon
activate,clash
viral,absorb
emotion,authorization
suspicious,admission
darling,last
spotlight,super
definition,vacancy
sidewalk,sister
marker,cocktail
mouth,inaccurate
copper,outside
scare,intent
popularity,revisit
consistently,contain
perfect,displace
handset,scratch
anchor,exercise
duplicate,reliance
tout,probability
maybe,lieu
sauce,cellphone
secret,conviction
immigrant,peanut
bunch,curb
officially,voluntarily
illegal,incredibly
awareness,frequency
genuine,divorce
analyse,capable
reminder,restore
fake,trick
fairly,voting
playing,declare
vessel,unite
prototype,safeguard
tailor,improperly
placement,toxic
steadily,vacant
intern,underlying
prostate,occupancy
cater,allowance
inadequate,lobby
