Positive,Negative
download,credit
audio,firm
delete,state
miner,portfolio
browser,bond
subscription,investment
desktop,client
internet,insurance
graphic,manage
user,lender
click,banking
content,asset
gaming,bank
virtual,rate
hacker,fund
server,move
computer,risk
genetic,economist
streaming,debt
software,yield
video,create
copy,plan
gambling,accord
online,director
digital,people
wireless,increase
programming,insurer
keyboard,article
taxi,dividend
sequence,lending
mortar,level
scan,economic
search,money
lung,member
subscriber,inflation
memory,economy
censor,equity
interface,unit
chat,group
recording,health
publisher,represent
console,market
computing,agency
copyright,issue
spam,employee
disk,private
brick,tell
gamer,interest
music,loan
clinical,high
flier,operation
cellular,institution
videogame,industrial
vacation,want
bookstore,hold
reviewer,sell
tourist,number
password,recently
blog,percentage
programmer,capital
geek,mutual
wrist,need
voucher,index
defenseman,benefit
capitalist,payment
pizza,begin
creator,policy
gadget,come
nonstop,consider
screen,area
antitrust,financial
stream,crisis
royalty,deposit
useful,case
library,effort
broadband,account
browse,overall
random,office
scroll,federal
cell,finance
conductor,good
visual,default
hack,emerge
rumor,balance
commerce,life
headphone,join
mouse,rise
delight,exchange
portable,official
listener,face
worm,broker
classmate,income
exploit,saving
messaging,include
carrier,commercial
steel,senior
laptop,total
inspector,nation
virus,lead
viewing,utility
tablet,transaction
storage,shift
constantly,time
publishing,boost
gambler,borrower
phone,record
patent,strong
panel,risky
privacy,look
query,program
instant,large
accessory,manager
infringe,sector
artificial,investor
media,remain
booking,bill
teen,local
icon,note
piracy,brokerage
flash,activity
mining,practice
film,shareholder
biotech,comment
correspondence,require
cord,place
listening,propose
brain,involve
pioneer,raise
cyber,home
consultation,return
gene,structure
baggage,charge
setting,value
mobile,consumer
conspiracy,question
trial,mortgage
website,care
algorithm,offer
closet,rank
vineyard,letter
violent,court
sorry,deal
precious,banker
infringement,regulator
sclerosis,retirement
optic,currency
posting,fear
processor,small
camera,date
editing,force
song,liquidity
violence,medical
disappointing,chairman
mine,help
networking,grow
casino,derivative
destination,current
catalog,leave
airport,take
clothing,work
traveler,estate
cure,government
poultry,reach
studio,point
venture,long
airline,trend
device,dollar
code,premium
copper,fail
passenger,decline
immune,measure
connect,operate
pill,president
tech,major
designer,concern
platform,provide
display,city
mourn,size
definition,support
musician,generally
thumb,flow
microprocessor,regional
cinema,light
text,likely
dear,agree
mile,housing
editorial,follow
attendant,business
scorer,family
cabin,claim
format,depend
vest,part
veto,country
shopper,pension
harassment,maintain
dial,cost
bowl,continue
interactive,advise
milestone,borrowing
remote,reflect
router,separate
exploration,head
celebrity,term
contamination,event
movie,make
luggage,management
vintage,problem
drilling,benchmark
telecommunication,service
transplant,opportunity
collaboration,ratio
flight,performance
sharing,order
footwear,recovery
filmmaker,change
daily,give
poison,national
dedicate,think
merchandise,expand
cellphone,exist
niche,buyer
integrate,class
therapy,average
grape,branch
steak,well
statue,hospital
iron,cover
debut,portion
inmate,recession
exclusive,offset
troop,effect
frequent,budget
intellectual,damage
shoe,avoid
radio,confidence
adaptation,meet
wedding,draw
abortion,carry
silhouette,history
birthday,volume
girl,issuer
culminate,adviser
advertiser,exposure
listing,information
sick,global
shirt,seek
boat,serve
casual,complete
handset,base
voice,attorney
wine,industry
alliance,condition
disc,property
compute,familiar
soccer,receive
licensing,bear
entrance,especially
reply,pick
artistic,deficit
grocer,public
mini,trade
founder,know
boot,decision
symbol,typically
apiece,spend
smart,matter
reader,reduce
discovery,able
gold,list
smartphone,foreign
vaccine,affect
classic,occur
refiner,believe
pink,chief
barrel,hotel
pant,liability
protein,holding
doll,food
diagnosis,employer
placebo,earn
hate,consultant
plug,lawyer
circulation,relate
stuff,merger
ballot,mark
object,paper
spectrum,executive
leather,general
amateur,apply
fashion,acquisition
drill,replace
murder,resident
listen,statement
surprisingly,strategy
slot,mean
installation,hire
aluminum,associate
streak,cash
mainstream,corporate
pencil,house
runway,impact
effectiveness,ahead
detect,borrow
experimental,product
explosion,spokeswoman
strip,compare
playoff,vice
biotechnology,currently
robotic,uncertainty
automatically,turn
technological,price
genetically,close
antibiotic,accept
album,individual
fragrance,difference
mode,back
runner,focus
chemotherapy,instance
neck,kind
broadcaster,grade
entrepreneur,prevent
function,example
broadcast,role
permission,agreement
mountain,pharmacy
sleep,relatively
intelligence,detail
kiosk,project
dominance,security
printer,figure
graduation,spread
week,happen
volunteer,allow
vendor,push
jean,worth
battery,purchase
shooting,largely
perfect,thing
soybean,tend
photo,factor
seed,facility
cold,vehicle
resign,future
sister,sure
convenience,addition
selection,regulatory
meat,climb
steelmaker,sale
dream,line
habit,tobacco
execution,generate
attribute,prescription
rock,interview
overtime,real
cloud,cause
province,attractive
dioxide,keep
aerial,sheet
ramp,find
availability,report
disrupt,request
bread,profit
musical,card
bird,view
hormone,fuel
install,instead
incorrect,argue
terminal,control
retailing,different
fireplace,contract
candy,incentive
severance,great
amortization,show
surgical,suggest
corn,ensure
fitness,guarantee
tactic,away
promising,tight
laser,handle
reservation,broad
satellite,growth
clip,period
symptom,write
concert,volatility
night,compensation
athlete,recent
menu,reduction
experiment,regulation
telecommunications,invest
seating,spending
actor,stay
flock,assume
band,position
unsolicited,central
announcement,worker
dead,protect
viewer,rating
clothe,pressure
activist,recover
wing,potential
marketplace,quality
monopoly,degree
sexual,conglomerate
compromise,tough
background,export
belt,owner
commuter,auction
coast,environment
sensor,wealth
pile,start
painting,participate
administrator,peak
challenging,sign
introduction,little
objection,costly
freshman,build
hammer,reserve
halftime,household
fruit,rule
episode,provision
vitamin,downgrade
prosecution,adjust
forest,outlook
inside,wave
idle,strategist
impressive,chemical
boast,sponsor
undisclosed,indicate
beta,contribute
soldier,procedure
indictment,bring
physical,disclosure
embrace,weak
butter,eliminate
skyrocket,spokesman
consent,worry
modify,homeowner
fish,power
warrant,improve
cook,expense
venue,rally
stone,electricity
cereal,company
carmaker,manufacturer
capitalize,political
unique,single
scope,clear
meaningful,improvement
surveillance,manufacturing
