Positive,Negative
real estate,clinical trial
interest rate,share rise
asset management,company share
mutual fund,drug company
supply chain,patient receive
percentage point,drug development
senior vice,late stage
world large,report earning
credit card,bankruptcy protection
increase number,company stock
emerge market,drug market
young people,expect earning
financial service,develop drug
company offer,company report
high profile,profit share
energy price,share share
raise money,earning share
service company,share analyst
double digit,deal value
insurance company,generic drug
high yield,share accord
people live,share revenue
spend time,drug approve
black white,accord people
want know,share period
work hard,cancer drug
central bank,composite trading
vice chairman,earning report
earning growth,file bankruptcy
service business,stock price
general manager,income rise
profit margin,price share
group company,approve drug
investment bank,share jump
work force,share exclude
people know,company plan
attorney general,gain share
license article,total company
fast grow,income share
tell investor,experimental drug
pension scheme,treat patient
pension fund,stock rise
tell story,person familiar
firm base,revenue fall
company fund,drug maker
equipment maker,cancer treatment
take place,regulatory approval
business development,statement company
office building,fall company
small business,familiar matter
venture capital,cash stock
investment banking,post loss
plan launch,report revenue
profit forecast,company announce
large bank,share company
consumer product,drug call
investment officer,revenue earning
insurance industry,market close
company need,lose value
high rate,accord analyst
employ people,emerge bankruptcy
class action,regulatory filing
chief investment,biotech company
large home,accord person
expect generate,group investor
include work,breast cancer
economic growth,patent infringement
federal regulator,share plunge
fund invest,company record
company provide,flight attendant
high rise,compare share
sell business,analyst expect
operating system,company sell
financial market,general counsel
company move,medical device
record high,agree acquire
human resource,bankruptcy court
think people,expect share
growth come,trading share
office space,save money
investment vehicle,expect report
expect cost,rise trading
live work,restructuring plan
blue chip,send share
company value,home buyer
bond fund,suit file
chip company,stock deal
phone service,increase revenue
company come,expect loss
presidential campaign,expect revenue
heart disease,time charge
large company,frequent flier
people come,sale fall
public relation,estimate analyst
chief economist,public health
home improvement,medium company
number people,ovarian cancer
fund fund,share drop
rest world,company statement
national security,share trading
financial institution,earning revenue
computer maker,deal close
come home,expect company
investor stock,care company
pass legislation,company base
foreign company,share cash
grow number,multiple sclerosis
know work,drug treat
middle class,heart failure
price product,internet service
rise high,stock sale
small number,conference analyst
capital gain,lieu flower
crude price,company deal
grow market,drug work
public sector,approval drug
private sector,sell drug
fund company,merger agreement
life insurance,billionaire investor
business school,survey expect
consumer price,seek approval
merger acquisition,store company
price time,release result
record company,debt company
coffee shop,earning expectation
broad market,online retailer
come close,purchase company
cost company,biotechnology company
human right,slot machine
company succeed,analyst estimate
asset manager,trial drug
large number,accord datum
fall fall,company founder
recent interview,purchase share
global growth,share sale
labor market,sale profit
plan build,shareholder vote
data center,report company
deputy chief,financial statement
slow growth,revenue compare
propose deal,decline company
junk bond,mortgage rate
capital spending,company face
analyst believe,company chairman
rock band,safe effective
baby boomer,trial result
metropolitan area,receive approval
hardware store,beat expectation
video rental,fall sale
gross domestic,file lawsuit
bank hold,expectation company
product call,patient treat
company investment,share loss
large city,preliminary result
store manager,lose money
real world,market drug
single digit,share expect
heart attack,product sale
young woman,manage care
local government,spokesman company
company serve,public company
foreign policy,drug know
life company,report income
stock hold,company result
total asset,executive company
investment grade,technology help
price sale,high dose
computer program,time item
remain strong,bankruptcy filing
decline disclose,earning fall
presidential candidate,founder chief
local official,company compete
money market,ticket sale
business business,fall sharply
private label,help patient
management software,good news
city official,return phone
chairman company,patient drug
shopping mall,treatment patient
good time,international flight
service provide,share climb
gasoline price,clinical study
price market,decline share
help create,trading company
analyst think,licensing deal
foreign investor,property include
commodity market,loss narrow
mobile phone,continue work
accord industry,estimate share
consult firm,pharmaceutical industry
base salary,market perform
accord chief,device company
executive compensation,little know
total return,increase company
swimming pool,market develop
risk management,insider trading
product division,company debt
fund industry,come surprise
agree purchase,company federal
work people,boost sale
company follow,sale sale
send letter,finish line
circuit board,result announce
business company,fail meet
semiconductor company,accord regulatory
domestic product,swing profit
sentence prison,poison pill
hire people,entire family
washing machine,base large
help build,fall revenue
rise fall,sale share
high quality,exclude time
know need,report share
director business,hostile takeover
freight train,company product
score goal,cable provider
people work,joint statement
training camp,disease cause
maker sell,rise credit
global head,price offer
global market,legal action
come time,share outstanding
global warming,deny wrongdoing
artist work,post income
service firm,hard drive
video clip,affect people
base market,revenue expect
software developer,holiday sale
start make,spokeswoman decline
make software,term debt
value base,blood vessel
investor look,lose share
spokeswoman company,final stage
computer chip,senior adviser
sale price,shareholder receive
account total,lung cancer
material cost,diluted share
group lead,licensing agreement
estate investment,reduce debt
think good,reject offer
fund asset,take step
company complete,tender offer
product service,share lose
high education,close company
large amount,include charge
national team,strong performance
major league,operating cost
customer come,offer price
living room,cancer patient
executive charge,plan include
system allow,offer company
market fund,sale drug
fiber optic,trial involve
property owner,sale compare
cover cost,advisory panel
want play,matter company
bond yield,available comment
long distance,continue effort
comic book,agree settle
gold price,weight loss
energy cost,provide technology
natural resource,result release
coal miner,investor hope
area include,share composite
global company,medical officer
face face,phase trial
include rise,live long
time forward,game console
revenue come,deal worth
market rise,production facility
customer credit,sale product
datum center,expectation share
feel little,financial term
credit rating,rise composite
company acquisition,credit facility
cost plan,large airline
bull market,short supply
business unit,drug patient
production company,flower donation
send information,care plan
need help,plan acquire
energy sector,thing know
contract expire,develop company
market accord,drop company
open market,company meeting
home market,expect deal
financial strength,write letter
record level,short expectation
transaction cost,rise revenue
index fall,battery power
estimate cost,revenue increase
market grow,earning company
home equity,patent protection
problem company,company chief
plan invest,analyst company
assistant director,sign agreement
company government,medical center
technology base,give company
manage fund,cost effective
company grow,apparel retailer
senior manager,adverse effect
incorrectly state,retailer report
high technology,price jump
book value,period sale
related letter,share double
exercise option,company drug
ground floor,fall result
large acquisition,rise profit
separate company,fund firm
investor want,state local
investor need,raise cash
residential real,pharmaceutical group
transaction expect,account sale
brick mortar,unit company
lose ground,option market
good service,compare income
stock bond,gain stock
open source,investor believe
natural price,accord statement
final round,book sale
sexual assault,grow sale
dividend yield,company accord
plan merge,taxis depreciation
make difficult,reduce risk
president marketing,continue operate
board approve,take public
team member,depreciation amortization
accord court,network company
federal fund,term deal
field goal,pass away
small stock,store sell
crew member,term agreement
expect high,internal investigation
loan portfolio,point guard
work closely,share repurchase
list price,exceed analyst
bank asset,share credit
value accord,advisory committee
thing people,departure come
support company,exclude charge
asset value,record charge
elementary school,share include
take advantage,effect include
market rate,announce earning
banking operation,health official
economic development,increase stake
fund group,partner firm
forward earning,forecast earning
mail message,interest shareholder
roller coaster,care service
corporate client,court judge
rise price,drop earning
student loan,product sell
flat screen,deal share
expect growth,test result
lead time,drug discovery
person close,firm look
remain high,consensus estimate
strong expect,allow user
business account,broadband service
sale grow,text message
fall lose,accuse company
state federal,company form
long delay,share investor
retirement account,people look
start talk,share maker
chief market,remote control
open fall,travel agency
business world,blood pressure
mass production,activist investor
local market,revenue forecast
force sell,believe company
profit growth,company push
household income,store shelf
management service,merger talk
time week,plan acquisition
recent sale,care industry
increase dividend,infectious disease
head coach,conference company
lead market,company benefit
bank deposit,financial condition
create position,operating loss
come play,jump share
equity loan,graduate daughter
cellular phone,deal help
trend continue,company give
earning result,share late
price analyst,base offer
company specialize,strategic alternative
fall price,report decline
public affair,relate company
industrial average,inside information
stock purchase,trading report
greenhouse emission,company lower
cost price,represent premium
hard come,cancer cell
good people,base expect
consumer company,trading credit
coal mining,result analyst
completely different,line analyst
drive price,point rebound
meet demand,breach contract
capital investment,decision come
stroke lead,earning interest
president president,article credit
good idea,study patient
overall revenue,load factor
accord official,investor focus
wind power,chief information
general partner,acquire deal
retirement saving,earning exclude
phone interview,information system
president chairman,include people
help develop,possible sale
general election,search result
business grow,civil penalty
source software,airline analyst
ripple effect,company warn
foreign currency,attract customer
financial sector,trial begin
point fall,company review
market change,cable operator
officer tell,statistically significant
business asset,convertible bond
analyst warn,cost month
private bank,lower earning
think tank,safety standard
lunch dinner,rise income
public comment,medical expert
corporate communication,special committee
fall asleep,drug develop
goal assist,stage trial
construction equipment,company attribute
equity market,late result
company supply,team team
feel comfortable,people lose
market expect,sale year
president business,hope sell
cost business,company release
find good,meeting hold
take company,medical equipment
change business,company raise
telecom company,vehicle company
food price,major market
expect fall,come share
raise rating,power generation
rest life,video recorder
take time,release company
report record,share public
telecommunications equipment,help push
coffee table,finish session
share total,fall earning
stock picker,company announcement
local long,patient study
reservation require,company worth
electronic company,chain restaurant
individual company,acquisition cost
time period,company negotiate
large firm,pretax charge
lead round,point gain
profit decline,deputy director
propose acquisition,charge include
business customer,trial show
time know,domestic flight
document file,evidence suggest
graduate father,executive base
executive look,focus company
want look,officer leave
company technology,biotech firm
market power,news medium
impact business,regular trading
private insurer,human genome
fight hard,people involve
higher price,cooperate fully
plan introduce,drug delivery
want sure,line expectation
accounting firm,health information
background check,event company
dividend stock,time buyer
grow demand,event space
company representative,social media
desktop computer,maker post
executive executive,help government
consulting service,back company
depositary share,factor percentage
deal accord,group report
light truck,sale home
limited edition,charge earning
defend champion,hire help
time average,analyst consensus
feel pressure,current price
wine list,watch movie
chip stock,period revenue
story building,drug price
leave leave,right hand
rural area,source revenue
system software,time work
action lawsuit,period include
consumer advocate,people spend
regional bank,leveraged buyout
lose fall,prove effective
report credit,come forward
crude future,share rally
name director,firm include
retail investor,datum provide
return company,stage development
name chairman,young girl
store business,company maintain
high risk,financial reporting
decline discuss,computer network
design help,revenue passenger
stock value,game company
commercial real,blood cell
service sector,drug sell
come high,impairment charge
lower cost,primary care
base report,internet search
succeed retire,slow economy
sale include,worth share
people good,software business
manufacturing sector,credit line
mark anniversary,develop world
country club,fall report
meet need,fast forward
investment portfolio,sense humor
watch video,offer great
boost profit,drug developer
competition online,play important
generate power,business consumer
access customer,trading platform
drop point,include founder
early career,want sell
artistic director,rise strong
arrive time,increase income
program begin,digital medium
gain ground,company attempt
succession plan,high definition
rate fall,government affair
steel company,company lead
incorrectly give,spinal cord
business provide,replace chief
advertising campaign,room rate
lend money,narrow loss
bring total,cash hand
action status,study involve
father retire,company merger
investment management,rise expect
commercial space,labor contract
rise raise,internet radio
world economy,company engage
name company,business software
food safety,decline revenue
wireless communication,total debt
equity trading,mobile home
communication system,free shipping
major company,pricing pressure
sale target,meet requirement
plan time,share option
income taxis,effective immediately
property steal,service help
period rise,talk potential
point time,analyst predict
point accord,share vote
plan create,bridegroom mother
retail customer,stock portfolio
celebrate birthday,passenger mile
commercial bank,exchange share
chain include,increase pressure
firm help,cable channel
growth area,official believe
stock pick,social medium
high energy,offer well
president operation,peer review
client base,football game
economic uncertainty,price drug
position company,good market
affordable housing,share charge
letter letter,fall profit
rise interest,airline operate
minor league,digital video
work want,duty free
luxury good,version call
model company,product people
golf club,medical product
equipment manufacturer,recently join
actively manage,fail disclose
quality control,company improve
birdie hole,share contrast
company apply,file patent
write column,hire investment
insurance business,large carrier
certain type,research program
mortgage loan,music player
accord share,option strategist
customer need,pension liability
change mind,restate financial
liquefy natural,long company
borrow money,share previous
high growth,shopping season
report suggest,chief medical
price control,company ability
service group,domestic international
estate market,expense relate
expect store,fiduciary duty
natural pipeline,heart surgery
make chip,holiday shopping
number home,home time
acquisition base,sell vehicle
index fund,cigarette maker
business offer,executive expect
time cost,research analyst
group base,rule change
reach people,major airline
finance director,company shift
supply retailer,fall analyst
growth opportunity,spend year
company license,black people
information available,benefit increase
domestic market,cooperate investigation
high market,depositary receipt
allow people,develop technology
take different,base fall
company support,work include
head investment,supermarket chain
company early,report release
solar power,share income
financial performance,debt include
time play,consumer demand
state legislature,doctor office
grow concern,know want
small medium,financial report
board meeting,condition include
executive join,jury verdict
raise rate,limited number
draw line,document relate
card issuer,profit expectation
federal employee,company bankruptcy
electronic commerce,image credit
medium report,limit number
follow company,earning sale
expect continue,investor send
plant close,company line
give time,union represent
power line,accord president
work capital,retailer store
term interest,time take
make hard,donation memory
right away,company combine
conference room,news article
energy industry,revenue generate
know mean,restructure charge
plan expand,stock plunge
price pressure,raise sell
think well,push company
watch television,expect earn
feel right,electrical engineering
information customer,require approval
receive bonus,time expect
business know,acquire share
disclose detail,drive cost
retail business,world championship
resource company,satellite radio
research director,datum company
news service,additional information
money laundering,argue company
open office,rule company
company account,short analyst
create large,know know
make business,sale continue
average time,cash deal
wild card,company right
share lead,include call
wealth management,strong sale
network operator,medical supply
site offer,benefit plan
firm firm,crash kill
president base,deal shareholder
energy stock,interest taxis
weak demand,complete deal
growth market,patient doctor
stock issue,receive subpoena
market world,consider option
succeed resign,serve chairman
decline high,chemical maker
hard core,steep decline
parent child,woman woman
term rate,price fixing
market researcher,double number
close situation,previously report
save year,take little
drug alcohol,company income
company send,distribution company
digital service,change plan
late book,cash strap
frozen food,come include
want stay,close analyst
excess capacity,special effect
package delivery,high expectation
brokerage account,administrative assistant
office tower,want start
wide receiver,nerve cell
issue bond,base system
home business,turn light
analyst firm,sale retailer
internet site,ahead schedule
unit work,home accord
improve efficiency,online review
home appliance,control company
energy efficient,officer resign
estate transaction,time people
investment return,insurance coverage
twin brother,economic report
high power,close stock
sign company,hold lieu
company position,press button
farmer market,running time
service revenue,people find
help firm,antitrust authority
business practice,decline provide
plan spin,revenue revenue
card debt,product base
price expect,company close
industry want,environmentally friendly
price value,founder chairman
high close,enlarge image
wireless internet,decision sell
business employee,share slide
portfolio company,comment report
survey company,enforcement official
exchange rate,move quickly
large business,receive report
bank issue,request additional
market base,follow suit
deal involve,option trader
success story,share ahead
good team,satellite television
managing partner,drug treatment
vice presidential,value fall
aerospace defense,debt equity
stock slide,active duty
daughter late,fund sell
deal analyst,offering company
base bank,good seller
business make,expect drop
multinational company,sale record
computer company,airline executive
chemical industry,option company
retail industry,social networking
result increase,analyst project
celebrate anniversary,saving account
rate expect,slow expect
finance minister,company property
company country,carbon emission
campaign finance,executive head
work deal,expect come
company identify,financial impact
previously work,time consider
recently launch,issue raise
program call,electronic retailer
thing right,estimate time
sector fall,stress test
warning letter,firm continue
good maker,report note
broad range,appoint executive
reach record,company vice
slow pace,leadership change
move ahead,company replace
want hear,company study
business include,meet analyst
communication network,expand service
business increase,revenue gain
take effect,internet phone
economic outlook,company filing
software allow,find time
accord figure,nervous system
human body,total compensation
book write,relate stock
message board,heavy debt
price continue,food delivery
accord market,company talk
price range,chief technology
construction worker,patent dispute
price base,patent application
travel world,federal loan
smart phone,discount chain
event include,bankruptcy judge
continue decline,contract negotiation
price gain,sell retail
take lead,duty truck
member include,executive serve
offer acquire,press release
memorial service,spokesman comment
banking system,agreement allow
management business,prize money
datum release,familiar company
thing different,good performer
strategic review,sale cost
base unit,potential sale
economy company,sale slow
volume share,blood clot
rise rise,marketing cost
student learn,money stock
rise advance,cost share
rise record,company explore
violate federal,care facility
executive search,plenty room
expect begin,deal large
chip business,rate start
consider safe,company accuse
normal level,work small
movie studio,close market
analyst stock,firm business
break ground,report financial
small group,financial health
multiple time,write direct
final game,reason believe
ambitious plan,world premiere
change course,share grow
access information,profit loss
relate business,handset maker
price retailer,compare revenue
representative decline,wish list
hire employee,false statement
white shirt,fast pace
base software,project company
well understand,property company
maker chip,point share
firm recently,company emerge
begin build,expand sale
construction firm,program work
long expect,drive high
executive producer,news come
construction industry,industry expect
senior official,doctor prescribe
good business,average estimate
construction project,interest depreciation
base real,bankruptcy proceeding
claim company,move away
cause cancer,launch company
construction company,slightly well
inner city,consortium include
survive daughter,base develop
trade market,jump revenue
large quantity,complete transaction
cost make,automotive industry
county official,approval process
market mean,increase competition
customer datum,increase accord
nearly impossible,income consumer
internet business,customer demand
lose company,debt burden
strong start,home entertainment
debt deal,revenue total
executive position,number store
executive employee,company enter
exist business,option share
little change,drop revenue
survey conduct,site call
social service,wireless company
small rival,profit college
share receive,revenue year
price hurt,people talk
price double,care benefit
increase business,overseas market
president succeed,reach market
service launch,real thing
investor interest,large share
increase total,operate company
policy maker,airline stock
double size,write value
spending rise,suit allege
design firm,large competitor
business create,company purchase
band play,service cost
town house,bank lender
right price,expect open
retailer post,nearly triple
economically sensitive,form joint
young worker,sale surge
financial firm,explore strategic
come people,step chief
safe place,plane maker
finish point,precious metal
write email,fall rise
firm believe,company total
capital requirement,male female
sell customer,potential deal
sale double,generic competition
role model,make people
send message,board game
firm specialize,major carrier
project cost,love life
recently agree,average analyst
homeland security,great number
research suggest,price accord
receive contract,distribution channel
fire department,technology develop
include base,access memory
company unveil,popular culture
money need,market estimate
customer able,potential investor
director photography,company maker
long await,shareholder equity
time begin,item earning
touchdown pass,economic interest
plan cost,time likely
nonprofit group,result close
computer screen,group recently
business environment,sell time
share worth,work high
operation include,lead team
business service,consensus analyst
acquisition include,option expire
rapidly grow,option trade
property market,call trade
book book,company drive
sale exist,pull plug
consumer good,list include
state health,stock offer
agree deal,flea market
sell large,company spokeswoman
fall slightly,patent cover
bond price,include cost
current economic,involve patient
rate stock,people receive
propose settlement,school high
value investment,market financial
rate rate,provide financial
launch site,officer base
member group,allow time
public record,care hospital
work different,mile revenue
firm work,user friendly
continue push,help determine
industry trade,submit application
price level,fashion designer
shelf space,point sale
global leader,fraud charge
shop owner,food restaurant
fall slide,sale office
place work,condolence family
earn money,improve performance
help reduce,marry minister
think think,company sector
fashion industry,holding company
open public,conduct study
tell want,director global
service industry,foreign direct
fall large,senior director
business acquire,year sale
home delivery,security regulator
antitrust suit,think thing
work group,independent film
auto loan,book include
borrowing cost,electronic product
site include,stock worth
employ worker,drinking water
investment opportunity,remain independent
hold position,late sign
accord proxy,lose revenue
business take,death penalty
nonprofit organization,purchase base
production fall,familiar discussion
market time,acquire stock
money management,lead cause
specialty retailer,flight schedule
high capacity,good option
money company,rise news
voting right,file sharing
come soon,work help
sale people,post chief
group bank,group expect
rise sharply,demand high
government subsidy,software sale
loan credit,drug base
government continue,earning increase
subprime mortgage,drug test
soon later,water treatment
money sell,worry company
community bank,stay home
transaction value,actor play
entertainment business,reduce expense
development manager,reduce exposure
bond investor,user access
bank look,firm plan
video store,lesson learn
large percentage,accounting standard
ahead earning,safety agency
security issue,bidding process
bank raise,plan roll
year round,talk company
develop software,management position
heavy metal,term earning
ahead expectation,revenue climb
company acknowledge,child adult
help fuel,deal report
large fund,draw attention
discount rate,depreciation amortisation
serve board,company involve
rise rate,investor include
