Positive,Negative
real estate,share accord
credit card,company share
small business,clinical trial
shopping center,revenue fall
asset management,share rise
high price,share jump
vice president,company stock
license article,share company
young people,expect earning
operating system,bankruptcy protection
interest rate,stock fall
general manager,price share
mobile phone,sale fall
joint venture,trading stock
increase number,share share
equipment maker,company plan
insurance company,patient receive
growth come,stock rise
senior vice,sale company
health insurer,share cash
father retire,report earning
supply chain,regulatory filing
class action,drug call
financial service,file bankruptcy
investment bank,post loss
percentage point,analyst expectation
price rise,bankruptcy court
consumer product,gain share
prescription drug,familiar matter
high profile,drug company
profit margin,person familiar
final round,share analyst
people live,income share
police officer,earning share
meet need,closing price
plan build,share revenue
chip maker,company sell
middle class,composite trading
home builder,revenue company
recent survey,short seller
trucking company,company deal
city official,estimate analyst
grow market,income rise
emerge market,compare loss
executive director,drug market
investment officer,chief executive
federal judge,fall company
make sense,biotechnology company
price earning,board member
computer maker,develop drug
high court,company board
work hard,report revenue
people close,company statement
broad market,market close
executive chairman,biotech company
family member,drug development
company fund,estimate share
double digit,restructuring plan
human resource,cash stock
prime minister,deal company
comic book,result include
company serve,send share
personal computer,share outstanding
central bank,operating profit
attorney general,earning report
product development,increase revenue
employ people,expect report
expect generate,share plunge
company offer,agree acquire
company business,intellectual property
global head,initial public
local government,share close
golf course,company chief
health plan,insider trading
capital spending,compare share
look forward,fall sharply
energy price,treat patient
grow number,product sale
hand hold,report profit
tell investor,drug maker
transaction expect,expect revenue
accord court,increase share
computer chip,company profit
business practice,share period
merger acquisition,public company
support service,cancer drug
shopping mall,financial result
exercise option,save money
market expect,cancer treatment
service group,mortgage lender
asset manager,slot machine
management business,company begin
foreign company,analyst expect
good time,expect result
people work,sale sale
include work,lose value
institutional investor,market capitalization
accord report,suit file
maker sell,expect company
private sector,share base
list price,analyst estimate
face face,meeting company
local official,frequent flier
financial crisis,business model
give time,government bond
service provide,earning expectation
luxury good,vehicle company
consumer company,rise credit
coffee shop,store company
report strong,stock company
service industry,stock sale
software developer,rise share
plan open,time item
market leader,stock share
tell analyst,ovarian cancer
people want,stem cell
sexual assault,company earning
credit score,trade time
accord industry,late stage
food chain,billionaire investor
value share,accord people
time high,company ability
firm base,company result
presidential candidate,issue share
business owner,depreciation amortization
different type,partner firm
investment manager,pass away
company investment,sell vehicle
capital gain,online travel
service include,company public
term disclose,total company
estate agent,seek approval
management software,fall composite
open market,expect loss
foreign policy,company recently
close plant,share sale
rapid growth,beat expectation
senior manager,merger agreement
selling price,investor hope
company want,drug treat
metropolitan area,survey expect
hard look,sale accord
people know,include company
major company,investor sell
open source,company record
index fund,approve drug
swimming pool,available comment
raise question,flight attendant
service firm,shareholder vote
come close,poison pill
enforcement official,decline company
regional bank,company debt
found member,report decline
company operation,gain stock
know need,company meeting
chip company,company launch
file complaint,increase company
serve president,large carrier
know people,cancer cell
economic growth,company post
company need,electric vehicle
action lawsuit,unit company
research show,customer service
company succeed,company disclose
play game,lose money
begin offer,capital firm
store include,deal close
asset value,loss compare
distribution center,generic version
cost plan,asset sale
fall asleep,earning forecast
fall fall,fall revenue
human right,holiday sale
high volume,include charge
survey company,join board
senior executive,rise trading
share total,credit market
daughter marry,large shareholder
government official,compare profit
family home,expectation share
sell business,financial statement
equipment company,expectation company
building block,share investor
grow demand,founder chief
safety issue,share loss
insurance industry,company founder
real world,cash offer
desktop computer,share include
pretty good,revenue expect
hire people,share common
want know,market drug
real time,time sale
think people,emerge bankruptcy
purchase price,company seek
stock stock,company line
work well,company consider
pharmacy benefit,outstanding share
commercial real,taxis depreciation
court order,trading company
fashion industry,sale drug
stroke lead,share climb
people life,multiple sclerosis
heart disease,sale business
launch service,accord statement
small medium,group investor
need volunteer,diluted share
equipment manufacturer,accord datum
growth area,sale earning
want hear,takeover offer
energy sector,special committee
plan merge,fall credit
square foot,include gain
store manager,revenue compare
consumer want,heart failure
credit report,take step
place order,rule require
federal official,licensing deal
global leader,general counsel
president general,previous forecast
continue rise,trial drug
total return,special item
global growth,share expect
domestic product,release result
labor market,bankruptcy filing
company order,approval process
good news,company accord
high income,come company
steep discount,offering share
minor league,decline share
price increase,lung cancer
people come,reject offer
plan raise,preliminary result
growth rate,share double
company complete,bond market
high rate,executive statement
remain chairman,continue operate
deputy chief,point rebound
revenue come,approve company
freight train,charge share
computer program,utility vehicle
large number,company list
chain include,base base
company increase,share market
remain open,chief marketing
house build,share trading
gross domestic,soon possible
child play,large airline
lower price,share result
take care,airline industry
general election,clinical study
grow rapidly,human genome
market sell,report company
report suggest,business software
fiber optic,money lose
maker include,company long
manage fund,share deal
sale volume,revenue earning
expect high,close company
contract expire,file federal
model company,drop company
decline discuss,period include
director business,deal shareholder
marketing effort,acquire share
people take,revenue jump
help fuel,continue operation
safety concern,strong sale
revenue growth,receive subpoena
state official,close share
defend champion,share earning
send letter,return profitability
accord study,deal sell
hold stock,executive base
make software,patient treat
court document,interest payment
people feel,research development
company store,interest taxis
plan launch,operating loss
office building,final stage
work closely,credit facility
time consume,civil right
forecast revenue,right hand
investment vehicle,exclude item
acquire closely,share repurchase
investment banking,store sell
investor stock,book sale
head coach,stock offering
goal assist,operate company
market rate,earning expect
focus high,manage care
fund asset,share high
expect announce,rule company
open restaurant,test result
tell people,financial condition
residential real,disease cause
company supply,relate company
pension scheme,share composite
benefit manager,carbon emission
young woman,relate stock
truck driver,seek bankruptcy
public affair,company comment
hard sell,push company
charge credit,video recorder
company government,term agreement
risk management,member board
skin care,lesson learn
change mind,doctor office
come high,raise cash
large maker,point guard
lead round,approval drug
help build,reduce debt
private practice,significantly high
feel comfortable,trial result
court rule,fuel efficient
base salary,stock buyback
liquefy natural,debt investor
family friend,company online
high sale,wireless carrier
insurance broker,advisory panel
service launch,power generation
technology firm,public market
stiff competition,accounting problem
diesel engine,want sell
product call,analyst project
nuclear power,fall close
bedroom bath,range share
executive president,company earn
investment strategist,share profit
line business,property include
market maker,private company
market position,charge relate
medium sized,price offer
natural disaster,cancel flight
chairman board,electric utility
retailer sell,sell store
renewable energy,environmental group
break ground,rise stock
soft drink,case case
care cost,flight schedule
device maker,affect people
company history,base rise
product manager,company lower
sale begin,comment credit
crude price,experimental drug
hospital doctor,advisory committee
come home,price jump
system company,people involve
industry leader,blood vessel
post revenue,merger deal
presidential campaign,close stock
hold steady,company federal
cost include,hold share
free agent,company release
serve board,fall result
strong dollar,investor hold
fill vacancy,health information
plan time,analyst predict
index rise,court protection
source software,leveraged buyout
slow growth,fuel economy
tire maker,cancer patient
remain strong,financial detail
make sure,market develop
income sale,consumer electronic
fund industry,restate financial
company specialize,maker post
save year,matter company
price product,fall profit
high commodity,close trading
civil service,acquisition cost
year round,number share
business business,sale share
business grow,high point
agree purchase,fall sale
provide service,interest company
tell come,large share
executive search,executive board
option available,kill people
sale grow,estimate company
consumer credit,prostate cancer
leave room,company right
advertising campaign,sale drop
good service,boost sale
average selling,consumer demand
commercial paper,conflict interest
software engineer,possible sale
record level,people look
area include,passenger mile
time period,retailer store
reservation require,accuse company
electronic company,gain point
service offer,attract customer
company unveil,environmentally friendly
remain high,post earning
security system,company name
previously work,cost increase
executive bank,debt load
chairman company,lose share
executive compensation,online retailer
system allow,gift card
succeed resign,load factor
profit growth,company decide
economist expect,reach high
statute limitation,home loan
cause damage,receive approval
believe good,deal come
drug cost,expect earn
campaign finance,casino company
unit sale,company give
good value,plan include
reach people,licensing agreement
video clip,battery power
chain store,stock lose
middle school,sale analyst
wide receiver,current level
year year,preferred share
small town,previously report
business revenue,internet radio
site time,compare income
work group,image credit
cash bonus,travel agency
celebrate anniversary,round trip
customer datum,professional service
money laundering,value asset
cause death,share lose
rely heavily,post income
bank financial,personal care
steel mill,officer base
retail space,pension obligation
terrorist group,come share
work fine,high definition
datum release,treatment patient
receive bonus,strong demand
profit forecast,legal issue
cost year,earning interest
serve executive,result announce
birdie hole,plan share
floor space,share initial
large home,share tumble
cellular phone,cost reduction
large acquisition,seat fill
commuter train,infectious disease
drug plan,company executive
heavy rain,close credit
information customer,hostile takeover
global company,fail disclose
keep close,profit stock
construction equipment,drug know
think look,talk potential
rating company,share soar
perform well,offer company
board chairman,time expect
pulp paper,suggest investor
market accord,company charge
family friendly,spokeswoman decline
food safety,bankruptcy judge
offer high,mobile home
inner city,bond sale
time average,mile revenue
exchange rate,state court
corporate earning,state local
executive charge,free throw
bring people,revenue base
judge order,market perform
telecommunication company,include people
accord market,company combine
fare well,rise income
food price,accord regulatory
include offer,auto industry
leave leave,marketing officer
volume growth,launch line
business world,exclude special
fund investment,deal share
adjust earning,trial begin
school want,interest shareholder
recent interview,service division
public sector,share relate
common sense,strategic alternative
lose business,hope sell
dollar store,global sale
product available,restructuring charge
price investor,represent premium
drugstore chain,game company
public comment,expect total
make company,asset liability
suffer loss,drop earning
durable good,earning exclude
base world,average estimate
estate investment,investor accord
data center,come expect
find good,test drive
fine wine,study patient
feel right,worth share
private insurer,compile report
research director,sharply high
decline disclose,large customer
flat screen,rise result
help find,accord share
industrial average,conference company
increase spending,consumer electronics
raise rating,investor include
boost profit,enlarge image
bring total,replace chief
live work,cash hand
presidential nominee,international market
disclose detail,financial reporting
political science,brand sell
maker chip,help prevent
provide good,share represent
want expand,share income
marketing campaign,company analyst
manufacture plant,record sale
rise period,strong earning
market market,fall demand
plant close,long company
portfolio company,good shape
market growth,factor percentage
accord official,overseas market
store country,benefit cost
marketing manager,life support
work employee,rise strong
control large,share sell
state legislature,gain company
competitive market,long haul
plan allow,spend year
enforcement agency,exclude time
conference room,offering price
share lead,price consumer
minority shareholder,sale period
firm work,accord director
business service,battery life
artist work,steep decline
wine list,suffer setback
middle ground,strategic option
need know,report share
thing want,trading fall
wireless communication,operating cost
broad range,generate cash
natural pipeline,share consensus
construction project,short supply
program company,executive head
know work,brand sale
credit debit,jump company
income taxis,consensus estimate
potential customer,good seller
group executive,base operate
corporate structure,complete deal
program begin,thing think
technological change,technology develop
change business,chief information
plan spend,right plan
competitive advantage,care service
fall love,share increase
offer plan,begin trade
point fall,rating agency
plan spin,electronic retailer
pick good,price deal
software base,dioxide emission
company support,return phone
foreign investment,agree settle
campaign manager,investor base
people believe,come office
parking space,cast doubt
problem company,share average
recent change,report release
executive work,utility company
lead market,loss sale
drop accord,time develop
recently sell,date company
economic political,press release
ripple effect,group work
event include,company drug
manufacturing process,stock soar
poll expect,digital video
industry standard,activist investor
study find,pension liability
related letter,president finance
human body,lose revenue
household income,agree cash
deal late,marketing service
company grow,company shift
pass legislation,exceed analyst
grow share,exchange share
luxury hotel,contract negotiation
determine cause,want company
fund raise,union represent
hotel company,time find
accord recent,investor appear
young child,product help
company represent,company bankruptcy
team member,software provider
federal spending,sale likely
good friend,sale help
rapidly expand,convertible bond
computer company,rise exclude
come play,push share
home market,purchase stock
fund trade,face company
fight hard,come surprise
access information,narrow loss
company typically,earning beat
industry company,offer shareholder
need focus,company anticipate
watch television,company reach
strategy focus,great opportunity
company perform,share information
price give,decline profit
guilty plea,buyback program
communication system,product sell
expect gain,mile passenger
line company,home cook
company feel,statistically significant
strong balance,work develop
make possible,investor send
member group,plan begin
good price,company attract
money flow,charge station
basketball team,group recently
medium group,result line
debt issue,include pretax
drive price,store brand
financial strength,beef pork
system work,continue work
corporate communication,explore strategic
touchdown pass,expense relate
earn revenue,deal sign
investor need,continue expand
business share,provide financial
life know,strong performance
firm long,civil penalty
term sale,call question
trend continue,restaurant open
high frequency,food restaurant
start start,control interest
make chip,market look
train station,record charge
home building,lead team
profit grow,proxy fight
fund raiser,help bring
open space,swing profit
sector rise,total compensation
information include,close time
reach settlement,result show
home work,drug sell
depositary share,fund research
brick mortar,investment group
need help,comment report
home delivery,profit increase
company cite,final approval
economy grow,document relate
investor share,fall analyst
cash balance,deal people
gold price,difficult company
official decline,executive firm
survive daughter,large mobile
maker base,high blood
find right,want start
business provide,follow report
house house,school student
prime time,phase trial
think think,price mean
energy market,start offer
business asset,plan acquisition
telecom company,cost effective
rule govern,company rely
recently announce,social networking
information company,price competition
executive producer,price credit
domestic market,mislead investor
large percentage,profit exclude
letter write,short story
director photography,brown sugar
likely help,share option
little long,drug discovery
average accord,cost measure
diesel fuel,company look
help consumer,firm manage
average time,company worth
design build,growth strategy
deny claim,period revenue
value value,pension benefit
health service,concern deal
expense ratio,news share
boost earning,base expect
focus core,light bulb
return investment,term investment
price premium,domestic international
cause problem,know expect
rural area,drug delivery
vote cast,drug developer
football player,time investor
wealth management,expectation earning
administration official,money invest
question answer,work write
make clear,follow announcement
customer come,financial analyst
shopping experience,include founder
raise rate,exclude charge
people meet,post result
hard come,deal make
business want,prove effective
story building,research note
board trustee,benefit consumer
well suited,telephone interview
overall sale,develop company
spend life,purchase share
customer relationship,live long
accord proxy,company enter
elect official,deal help
residential building,profit result
transaction company,company income
casual dining,define benefit
cost pressure,false misleading
home page,coal fire
consumer staple,bank account
leader board,discontinued operation
slightly different,airline executive
retail customer,figure include
later sell,expectation analyst
price vary,wireless company
corporate income,expect rise
edit music,money stock
executive remain,line expectation
free reservation,large investor
corporate client,period sale
training camp,like sale
people watch,time place
rate return,effect include
income revenue,revenue forecast
company research,fire plant
graduate father,right company
federal funding,reduce company
golf club,acquire stock
minimum wage,people understand
normal level,investor turn
bread butter,time take
round lead,major airline
data provider,loss narrow
natural resource,alternative fuel
announce sell,fall rise
accord executive,rise earning
college football,officiate bride
price market,income total
sister brother,spot price
look pretty,holiday shopping
accord document,reduce exposure
smart phone,discount chain
well chance,jump revenue
manage money,government support
high power,labor contract
begin look,company replace
remain stake,potential market
company license,offer stock
business market,serve chairman
baby boomer,change heart
head global,patent dispute
shop online,recent event
shed light,offset decline
grow area,senior adviser
company country,director corporate
come pressure,market decline
number customer,reap benefit
road trip,offer great
service unit,horse racing
little choice,chairman founder
registration require,hire investment
company technology,idea come
officer name,continue sell
associate professor,accord security
incorrectly state,state require
equity trading,share late
make year,company blame
need well,company production
maker profit,come cheap
production process,company process
core market,sell time
need understand,personal trainer
open fall,team good
president succeed,official company
people include,close market
plan change,stock time
partner venture,stock surge
power company,shareholder value
presidential debate,short live
major index,official tell
premium increase,game maker
program know,debt equity
work government,social media
environmental concern,client include
college campus,maker company
subprime mortgage,energy efficiency
affordable housing,late result
shelf space,cervical cancer
assistant director,invest company
think work,restate result
asset allocation,want leave
special dividend,line analyst
associate director,fail meet
space program,loan payment
analyst think,young girl
target market,tobacco industry
surge demand,shareholder lawsuit
stock include,company money
bank share,plan focus
break record,sign investor
traditional medium,share contrast
woman apparel,relationship company
base unit,internal investigation
share investment,offer good
sell discount,compare company
propose acquisition,stay home
local long,proceed sale
young worker,customer sign
director general,cost share
know take,distribution channel
issue credit,wage benefit
growth opportunity,merger talk
information available,level company
index drop,fund accord
hope find,member member
dinner party,share vote
high close,shareholder approve
policy change,retail analyst
take company,local authority
court case,civil suit
water quality,company explore
group bank,donation memory
want play,consensus analyst
market small,high fashion
slow pace,revenue climb
grow year,business trip
global supply,vote favor
accord late,drug patient
supply retailer,reverse course
agree stock,patent application
mark start,care industry
cost taxpayer,expectation rise
circuit board,step chairman
potential sale,order company
consumer spend,world work
name senior,intensive care
member company,revenue include
fare increase,condolence family
plan cost,people spend
high stake,internal review
high technology,plan stop
trade market,company return
look expand,plan purchase
long period,share estimate
long line,company previously
hospital system,include take
gain loss,pilot union
local company,company leave
probably want,source revenue
number patient,nuclear plant
technology call,president communication
rent space,point company
comment article,sale customer
include base,compare sale
close composite,compare earning
maker rise,steer clear
survey show,weapon program
digital service,company admit
card issue,generic competition
company good,analyst share
rock star,online music
fire official,company benefit
estimate cost,firm business
find woman,drug approval
forward earning,refining marketing
home home,plug hybrid
fall lose,wear white
high standard,video conferencing
retirement benefit,come little
return investor,offer wide
mail message,high fare
high total,spokesman confirm
hardware store,hurt sale
estate market,entire family
chip stock,board reject
form partnership,confidence company
demand high,drop stock
estate broker,time grow
fund large,self service
flip flop,accord spokeswoman
group plan,industry veteran
life threaten,education company
include site,analyst follow
comparable sale,option trader
large deal,bank offer
press conference,climb share
real life,firm look
business include,sell item
project cost,maintenance organization
know exactly,nearly triple
punitive damage,call seek
keep track,bank take
include sell,sell order
communication service,metro area
radio television,help push
financial company,meet certain
financial sector,short position
interim chief,company deliver
firm raise,work senior
school year,closing high
product price,tennis court
potential impact,cost month
speak condition,need work
cash position,continue struggle
product cost,benchmark index
special effect,sale product
property price,hold time
free software,investigation company
coverage stock,estimate profit
debt deal,operating result
state government,care facility
plan create,labor union
networking company,antitrust authority
take effect,plan appeal
home business,executive include
lose company,program provide
hold title,publish report
mail address,company director
processing plant,expect receive
company main,profit jump
company account,video camera
cast member,bank loan
catch fire,price include
rock band,product base
right work,executive believe
rest life,retailer expect
broad index,skill need
retail stock,home state
show increase,boost revenue
significant increase,cash strap
account bank,project share
care center,promote product
rise record,include possible
come people,work long
business time,point leave
personal datum,charge earning
report record,share grow
police arrest,company purchase
rate time,career high
rest country,find hard
people drive,save time
campaign contribution,employee stock
business license,rate accord
main business,fund investor
market world,president board
main reason,trading credit
technology product,unit include
drug sale,exclusive right
time cost,director include
online business,require approval
confidential information,item share
know happen,federal prosecutor
economy scale,reason believe
increase value,relate acquisition
work father,market lead
important issue,decline fall
digital television,result share
include list,cooperate investigation
benefit program,film production
tell employee,delivery system
future exchange,division base
include local,athletic director
lead position,review company
time report,meeting hold
electronic device,sell sell
world lead,federal district
consider move,company attribute
offer range,consumer brand
weak dollar,technology know
investor concern,plan company
investigation continue,company remain
bank company,range price
minister officiate,sale surge
field include,average rate
hire manager,production expect
local news,focal point
uncertainty surround,elect board
movie studio,formal investigation
early forecast,home long
expect begin,long life
good result,food delivery
high capacity,main attraction
expect market,cause loss
government contractor,profit analyst
option trading,group file
familiar discussion,graphic chip
good taste,price trade
good work,company internet
total accord,enable company
entertainment business,resign company
stand company,financial regulator
investment strategy,president research
fuel efficiency,problem find
bill pass,home furnishing
approve plan,price people
investor worry,continue believe
