Positive,Negative
bank,trial
energy,bankruptcy
article,company
business,approval
field,treatment
land,patient
manager,clinical
region,drug
price,treat
barrel,protection
sanction,share
large,biotech
average,lung
cycle,deal
packaging,upgrade
overall,vaccine
open,plane
grow,agency
storm,newspaper
operation,option
invest,cash
ensure,flight
need,review
remain,news
metal,brain
economic,game
growth,cooperate
global,disease
chain,schedule
electronic,holiday
railroad,report
rate,duty
brokerage,medical
capability,experimental
score,passenger
plant,technology
stand,revenue
strong,earning
chemical,widespread
lead,discussion
license,cancer
pull,hospital
area,debt
lift,restructure
residential,reporting
capital,franchisee
range,surgery
make,sale
insurance,ticket
state,marketing
producer,notice
woman,false
management,statement
industrial,provider
controversy,internet
view,promise
dividend,result
major,breast
single,testing
city,loss
begin,develop
gold,advertising
architect,stock
emerge,trading
aerospace,setback
ground,approve
production,financing
branch,conference
start,rally
impact,humor
division,probe
mine,broadband
wood,winner
compete,evaluate
portfolio,user
wage,publicly
size,intend
coal,offer
supply,propose
flood,brother
piece,investigation
employee,receive
secret,airline
hold,potentially
commodity,agreement
investment,buyout
corporate,acquire
wine,response
transport,expectation
host,fail
center,explore
expand,filing
line,extend
semiconductor,shareholder
capacity,offering
inflation,pill
world,investor
senior,father
customer,negotiation
pump,biotechnology
train,credit
sector,channel
freight,opposition
rise,secure
bright,violation
crude,temporarily
relationship,genetic
selling,recognize
build,announcement
currency,composite
market,resignation
steel,somewhat
category,oxygen
resident,hockey
planning,supportive
card,aviation
double,alternative
change,royalty
western,failure
behalf,post
banking,surge
modern,improve
commercial,guarantee
lending,hunt
defense,investigate
exercise,symptom
pick,survival
processor,relate
programme,liability
clothing,inspection
retire,confirmation
mutual,personally
policy,subscriber
year,jump
project,contract
park,guess
office,potential
lawyer,partner
material,virus
consumer,buyer
worker,halt
rail,reverse
location,test
retirement,inquiry
telecommunications,analyst
durable,disappointing
copper,pharmaceutical
building,owner
ship,chase
harm,person
assault,password
increase,negative
high,fleet
space,profit
situation,battery
visitor,standard
dollar,seriously
real,upside
acquisition,seller
environmental,tech
limit,speculation
adjust,sister
responsibility,preliminary
return,runner
pharmacy,release
manufacturer,proposal
feel,sclerosis
conduct,certain
purchase,slate
architecture,study
offshore,allow
liquid,familiar
implement,sequel
voter,counsel
adapt,expire
legislation,satellite
gasoline,flier
attack,committee
middle,short
young,obtain
museum,promotion
link,consent
environment,content
resource,body
table,lose
mill,uncertain
driver,rebound
notch,casino
track,slip
recommend,commission
introduce,long
increasingly,facility
pose,mask
keep,comment
twin,accuse
equipment,passionate
manufacture,health
minor,anticipate
competition,oppose
alleged,airport
tailor,closet
separate,bondholder
inning,publishing
import,cold
salary,file
aircraft,prevent
urban,route
crop,restructuring
house,request
estate,cell
golf,connection
appoint,tobacco
property,previous
chip,console
general,reject
rely,publish
closely,carrier
drill,sharp
drilling,exchange
afford,repurchase
recent,comparison
thank,founder
final,recession
holding,trip
taxis,concession
white,intent
turn,accomplish
culture,undervalue
mainly,prize
produce,funding
task,music
globally,spokeswoman
undermine,steep
data,shrink
small,pass
tape,lender
surround,miss
normal,therapy
floor,patent
live,billionaire
home,operator
force,rule
currently,wireless
sound,flagship
hire,found
reduce,correct
town,address
contain,positive
grass,element
downtown,opponent
natural,robust
good,accept
raise,distributor
footwear,throw
prescription,donation
activity,plan
individual,allege
alive,achieve
reveal,claim
outsource,seek
football,sour
trust,termination
paper,skin
sponsor,attendant
account,smoker
tree,diversity
choice,criminal
fiber,screening
aluminum,union
fish,public
corporation,scrutiny
community,relax
door,fortune
assistant,distribution
water,accounting
wealth,online
drugstore,little
obvious,infection
comeback,rumor
shirt,member
have,divest
word,pointer
employment,broadcaster
pledge,arise
directly,send
format,closing
statute,cigarette
hotel,slow
demand,attempt
private,revise
engine,voice
ceremony,portion
sensor,telephone
index,proud
like,surprise
generate,collaboration
class,death
stay,interested
paint,different
proxy,maturity
steadily,dealership
partnership,cancel
local,initial
service,immediately
apartment,caution
document,bargain
slightly,lyric
appliance,reorganize
easy,visible
station,placebo
rank,optimism
centre,illness
debate,hair
expertise,opinion
blue,renegotiate
central,village
consultant,huge
scheme,entertainment
insurer,alliance
consultancy,landlord
problem,sweater
come,session
entire,love
outstanding,secondary
represent,athlete
mark,deny
flavor,care
spending,suspend
technique,committed
dining,performer
compensation,drama
program,blame
label,meet
valuation,expect
unit,shopper
country,generic
cost,direction
tournament,lower
season,vote
suggest,announce
immediate,estimate
victory,penny
moderate,sequence
record,blade
combine,glove
prior,tracking
blend,cake
deem,kidney
bogey,amendment
treasurer,resolve
band,movie
recall,gift
scale,traveler
succession,weight
enterprise,borrower
fuel,title
plastic,plenty
significantly,majority
client,proceed
principal,slowdown
pulp,programming
proliferation,debut
target,bust
focus,apart
spark,plummet
story,graduate
radio,sizable
name,disclose
director,deep
rest,examine
economically,spokesman
bedroom,occur
threat,recover
thin,commit
sure,download
seasonal,engage
patch,step
presence,effective
heart,blood
disruption,exact
reaction,identification
near,pocket
mining,government
jointly,cosmetic
complaint,creditor
clearance,internal
headquarters,discover
course,back
establish,obligation
important,cyber
consume,overly
drive,rebuild
inflow,unsuccessful
percentage,contingent
commerce,peanut
well,flat
merge,dose
boomer,ignite
board,reporter
electricity,immunity
structure,maintain
productivity,nominate
fishing,wound
suited,anxiety
super,strap
glass,conspire
factory,math
underground,chemotherapy
keen,gainer
stomach,surgeon
decor,practical
employ,disorder
typically,equivalent
smart,worsen
weather,adjustment
finalize,notify
transparency,waiver
green,reversal
pound,funny
pair,monitoring
sexual,postpone
essentially,videogame
anchor,nursing
construction,recoup
type,documentary
certainly,bounce
nearly,chief
hurricane,true
assembly,turnaround
comparable,popularity
soybean,slot
parcel,commissioner
advanced,society
designer,ethnic
incorrectly,sell
spotlight,delay
particularly,prediction
manual,instant
clear,fiduciary
draw,booking
anti,coordinate
attorney,sentiment
presidential,reorganization
deposit,antitrust
exposure,critic
broadcast,adult
export,licensing
exploration,flexibility
conglomerate,especially
expose,regional
cotton,catch
memorial,disclosure
respectively,happen
brush,variety
writer,frequent
spend,separately
pension,impose
related,recreational
output,accumulate
church,adoption
exactly,subsidiary
reliable,consider
tight,election
tissue,manage
street,network
median,exclude
lawn,worth
borrow,merger
institution,wonder
transmission,consortium
widely,mention
intern,gaming
replace,shed
turnover,wear
removal,specialty
benchmark,outcome
ongoing,willing
gradual,stage
underlie,early
supervisor,international
amend,resume
innovation,motor
justify,warehouse
professional,labor
realize,merchant
concert,legal
knock,speak
luxury,proceeding
presentation,shortfall
offense,occasionally
proof,molecule
actor,nurture
artwork,sibling
threshold,traffic
foundation,unsolicited
prepare,fitness
reading,perfume
spot,lesson
invent,happy
putt,lobbying
eliminate,camera
handset,upper
regular,heat
digit,infusion
speech,downturn
chair,county
wind,generator
chicken,judge
excitement,academic
complex,retain
grape,phase
ride,cure
incentive,timing
worry,envelope
engineering,cardiac
component,identical
sophisticated,identity
student,financially
lend,mislead
explosion,scanner
easily,realistic
main,lawsuit
slash,craft
underwriting,cinema
bronze,cutting
core,instruction
infrastructure,blow
substantial,pivotal
refiner,suggestion
political,conventional
couple,bubble
likelihood,method
evacuate,arrangement
inspire,formula
mobile,motion
painting,mutation
politician,promising
police,pretax
hard,doctor
attend,loyal
nation,switch
ingredient,privately
higher,bring
acknowledge,advocate
source,flee
display,speculate
theft,history
beverage,plunge
truck,boat
bonus,apiece
balance,chapter
chef,completion
outside,length
garment,comfortable
teenager,cheese
explain,hamper
continue,freeze
volatile,consolidate
entirely,investigator
excellent,challenging
hang,conflict
missile,friend
computing,generation
fair,outdoor
command,troubled
hardware,film
vacancy,musician
event,instrument
shift,enforcement
automate,milestone
vulnerable,month
warn,clause
ruling,divestiture
reduction,difficult
sink,bundle
renewable,furniture
politic,trim
physical,tumor
weigh,cheer
retreat,administration
tough,bone
requirement,detection
cool,detect
page,cocktail
highlight,warm
steady,renovate
vendor,diagnose
reason,suppose
tower,wrongdoing
wash,trouble
newsletter,breach
photograph,room
auto,fluctuate
prove,conspiracy
employer,farm
crisis,drag
university,similar
association,receipt
listener,unemployed
suite,dismiss
jean,injunction
surprising,faulty
escalate,clinic
rack,corn
exclusive,forever
organic,nurse
dangerous,beef
experienced,recognition
closed,jury
function,junior
gallery,infant
knowledge,boot
native,priority
seed,sense
bunch,organ
leader,percent
pursue,derive
wall,wary
iron,favorite
playoff,wrap
aluminium,placement
desk,essay
economist,exceed
activate,implant
load,magazine
criticism,programmer
injury,deterioration
consumption,block
testimony,baby
defend,surface
beta,everyday
insight,scenario
ordinary,triple
ring,boardroom
earthquake,window
tanker,merchandise
prosecutor,solution
costly,ownership
mistake,dilute
cellular,multiple
touchdown,basic
zone,merely
subsidy,internationally
counter,specialized
citizen,severance
laptop,capitalize
serve,eager
wave,marketer
mixed,describe
reinforce,manipulate
terminal,plug
footprint,impairment
fluid,cabinet
kind,scientist
conversation,bill
league,victim
operational,admission
stroke,disk
possibility,population
error,breakup
compliance,quick
miner,collateral
regard,infringement
calculate,mother
dead,withhold
skeptical,trend
structural,departure
deficit,burger
unexpectedly,assign
cautious,biological
buoy,territory
juice,depreciation
relocate,variable
enhance,roof
depend,associate
camp,achievement
furnishing,unlimited
flooding,commitment
proportion,exporter
funeral,offset
context,mission
geographic,extension
notably,photo
rose,tourist
liquidation,festival
narrative,descend
taxpayer,hunting
server,male
macro,bowl
explode,week
encounter,forget
technological,weird
density,definitive
printing,backing
consideration,routine
walk,suitor
behavior,celebrity
mandate,moment
mayor,language
club,administrator
remember,gauge
drain,goodwill
bold,scratch
dynamic,turkey
orient,questionable
fresh,valve
occasional,mouse
plead,cord
garden,arrival
creation,nose
ethanol,distress
balanced,telecommunication
charity,incident
embed,rich
turnout,contraction
momentum,abroad
deduction,mild
chat,degree
proximity,willingness
sentence,importance
bread,governor
broad,viewer
midsize,mini
provision,ambition
fire,offline
spill,specify
icon,workforce
react,salon
anniversary,complication
quantitative,hero
conversion,historical
muscle,thinking
peak,baggage
multinational,legislative
press,songwriter
evolve,stockpile
kitchen,covenant
revision,eventual
killer,initiate
interrupt,execute
risky,standing
euro,dressing
fairly,listing
island,dioxide
conclude,belong
annuity,simply
understand,aware
appreciate,undergo
council,assume
predict,reimbursement
specialize,terrorist
alter,summer
exist,mountain
unpredictable,timely
purse,renew
frustration,shake
instance,severe
tenure,reality
stretch,hook
pretty,mineral
album,regain
characterize,milk
perceive,voting
scramble,circumstance
weaken,blackout
squeeze,clue
catalyst,protest
diversified,nationally
sprawl,saddle
eastern,buzz
transmit,detail
knee,absorb
taxable,qualified
wager,formal
equip,attendee
automobile,urgency
foray,ballot
possibly,heavily
clip,shoe
author,sick
electrical,unfortunately
propel,reiterate
southern,liquidate
brick,celebration
temporary,freedom
wire,loser
reportedly,crash
border,transform
downgrade,cart
usage,painful
north,assurance
unexpected,phrase
remind,explanation
reform,description
harmful,theory
organisation,slight
realise,tighten
reminder,predecessor
road,entrance
rebate,orbit
debit,auditor
constantly,black
deploy,submit
artist,interface
absence,surprised
bull,overweight
hack,fret
prominent,gobble
stick,fool
ignore,civilian
brake,motorcycle
cloud,obscure
governance,stent
diet,dramatically
strength,animate
instal,pricy
instrumental,lengthy
slowly,skeptic
capitalisation,neck
sharing,unload
night,laugh
annual,availability
quote,billboard
allocation,kick
collectively,consolidation
flag,publication
haven,uniform
elevator,recorder
printer,burden
organization,virtual
choose,scholarship
background,router
quantity,quadruple
dominance,accordingly
foot,restriction
donate,unprofitable
violence,underwear
meat,selloff
generally,subsequent
relative,leadership
swimming,prefer
discipline,introduction
independence,honest
smooth,capitalization
complain,lack
fragrance,shortage
restore,contrast
extensive,disappoint
circuit,confidence
rock,decrease
disposable,restitution
plaintiff,library
offensive,expert
grave,elderly
contest,normally
pollution,erase
disadvantage,optional
legislature,scan
soldier,trick
tablet,antibody
multi,hardly
headquarter,drawer
murder,unnecessary
surcharge,pneumonia
neighborhood,doughnut
childhood,merchandising
encouraging,clothe
dispose,ugly
pitch,condo
rural,vessel
suicide,athletic
register,dinner
reshape,statistic
river,cancellation
recruiter,offender
cleaner,tale
south,reinvigorate
brace,spectrum
wild,landing
pink,maximum
acceleration,prosecution
chocolate,designate
clearing,folk
fault,upbeat
garage,grandson
bomb,frequency
improved,stack
testify,spiral
soul,acute
backer,recipient
licence,sufficient
career,farming
drastically,slam
slice,wipe
labour,fate
mood,wafer
exhibit,unlock
disaster,absolutely
marriage,formidable
memo,cousin
convenient,medal
beach,incorporate
steak,assist
retiree,deficiency
leak,lens
guest,interactive
grill,simultaneously
cafe,moral
anytime,environmentally
inner,belt
forest,initially
planner,patience
wedding,extremely
port,inspector
drought,fraudulent
leasing,emotional
overhead,foreclosure
payout,sting
convince,plot
grower,hurdle
officiate,pork
hole,resist
appearance,petition
complicate,chairwoman
amount,tack
barrier,gadget
cleanup,clinch
sample,stone
concentration,consistent
rattle,buffer
sovereign,halftime
civic,monster
campus,illegally
army,manner
affordable,rhythm
chronicle,snow
soap,taxi
withdrawal,basketball
stranger,fundamental
outsider,sophomore
unemployment,modify
adventure,transition
neighbor,echo
vault,savvy
staffer,antibiotic
comic,grain
workplace,sandwich
champion,insulin
refined,disc
prototype,grocery
cluster,yard
sensitive,tension
leverage,root
crowded,consult
subpoena,butter
relevant,touch
residence,pioneer
optical,bode
endure,glut
strategically,hear
respondent,golden
logo,incur
evolution,maintenance
afterward,lawmaker
nutrition,grand
aisle,aspect
payable,outperform
inject,mainstream
depart,inventor
lofty,skilled
exempt,fetch
strengthen,pinch
deteriorate,strange
custody,resolution
compound,waive
domestically,breakfast
privilege,admit
bellwether,dominant
optic,entitle
mushroom,makeup
drawing,illegal
slogan,famous
skirt,contractual
obesity,pare
automatic,elaborate
petroleum,lunch
meter,hepatitis
compact,pickup
conditioning,voucher
queen,disagree
kiss,naked
cruise,nationwide
capitalism,obstacle
fixture,breathe
revelation,fancy
affected,enlarge
conservation,repayment
inflammatory,necessarily
wallet,query
perfectly,sustainable
