Positive,Negative
need,company
dollar,bankruptcy
manager,review
article,financing
average,sale
open,jump
worker,debt
field,trading
area,schedule
region,short
driver,stock
global,vaccine
plant,share
remain,protection
chain,lung
processor,internet
steel,buyout
large,trial
score,credit
sanction,result
author,drug
barrel,approval
build,technology
estate,offering
central,expectation
acquisition,analyst
prescription,seller
fiber,alternative
rate,restructure
state,rebound
mine,cigarette
speed,restructuring
paper,publish
grow,lender
impact,false
producer,bondholder
strong,response
glass,tobacco
problem,interested
view,temporarily
overall,shareholder
leader,marketing
main,lower
resource,deal
chemical,profit
building,cancer
chip,tracking
laptop,subscriber
policy,loss
train,intend
register,clinical
pharmacy,earning
dividend,satellite
stake,test
sponsor,treatment
location,cell
brokerage,familiar
selling,guarantee
presence,utility
limit,symbol
computer,experimental
gain,filing
reach,treat
trust,gift
good,offer
corporate,sell
license,statement
price,evaluate
urban,divestiture
thank,infection
high,tracker
innovation,potentially
card,franchisee
increase,rally
expand,slot
compete,relate
major,agency
ground,halt
controversy,holiday
proprietary,chance
telecommunications,biotech
maker,newspaper
employer,investigate
growth,booking
drugstore,content
business,buyer
energy,investor
golf,initial
computing,online
host,available
putt,potential
ruling,shoe
employee,revenue
house,casino
ship,report
young,patient
knock,distribution
format,machine
class,traveler
emerge,investigation
land,suspend
risk,explore
world,dealership
lawyer,approve
begin,inventory
have,back
middle,somewhat
link,aviation
rail,burn
slightly,beef
natural,spin
drilling,agreement
year,shrink
productivity,prospect
stroke,blade
steady,reject
portfolio,lose
cycle,dealer
packaging,supportive
taxis,union
engine,happy
hire,takeover
closely,counsel
pick,heat
downtown,brain
range,violation
insurer,administration
keep,virus
venture,provider
lift,privately
related,promise
defend,freeze
legislation,recognize
retirement,elect
return,majority
branch,notify
communication,plane
broker,decline
foundation,follow
smart,veteran
principal,discussion
competitor,originally
tool,spinoff
home,body
single,post
line,seriously
capacity,billionaire
page,adviser
total,robust
reason,cake
give,slate
contain,list
project,delay
wage,condition
economic,haul
combine,camera
hotel,plunge
ensure,emission
exercise,simply
comparable,founder
center,merchant
individual,performer
introduce,milk
data,funding
adjust,resignation
planning,option
metal,reporting
counter,face
coal,film
engineer,member
outsource,duty
production,comply
railroad,reverse
brush,sweater
fear,insure
semiconductor,furniture
inflation,receive
writer,passenger
size,issuance
embrace,nationwide
rely,break
percentage,recently
flip,hospital
commodity,closing
partnership,completion
wood,steep
builder,diagnose
institution,economy
water,composite
proof,shop
information,teach
complaint,away
sector,assumption
prior,news
attend,reorganization
neighborhood,apiece
create,chief
personal,strategic
retire,announcement
industrial,liability
active,commission
clearance,airport
fast,generator
capital,describe
offshore,recovery
median,simple
harm,acquire
arrive,climb
consumer,surprise
ingredient,lease
football,certain
architecture,warm
handset,society
rest,cocktail
store,advocate
soybean,reiterate
senior,ticket
freight,take
table,incorporate
small,develop
note,hate
minority,patent
feel,protest
work,breast
album,expire
equipment,match
attack,allow
typically,doughnut
directly,merger
station,critic
signal,bring
broad,estimate
entire,willing
team,loan
exchange,promotion
profile,executive
division,hedge
electronic,advertising
school,winner
mining,ahead
safety,carrier
gold,rule
memory,people
reading,loser
river,waiver
stand,cold
heavy,forever
settlement,negative
component,gainer
ride,glove
workplace,lawsuit
long,oxygen
target,concession
system,disappointing
flow,traditional
door,fail
later,past
join,civil
serve,conference
ratio,special
appeal,committee
spend,channel
shopper,obtain
spot,doctor
girl,regional
rank,finance
employ,request
hold,model
explosion,publicly
corporation,cooperate
waste,resolve
actor,electric
desk,nose
tablet,licensing
mainly,fortune
sexual,upgrade
ongoing,symptom
understanding,person
suited,shake
birdie,guess
subsidy,chairman
assault,owner
printing,assume
copper,tone
steam,revise
material,lawmaker
choice,speculation
household,release
invite,perform
minor,difficult
patch,game
fuel,extend
flood,anxiety
competitive,retail
guest,recording
floor,consider
connect,staff
refund,coat
supplier,quick
economist,level
interview,pork
park,previous
crop,battery
task,permanent
capability,creditor
insurance,package
participate,closet
retreat,translation
star,vote
researcher,skin
mill,disease
relocate,hope
surround,pile
confirm,portion
stretch,check
buying,clause
city,tech
performance,biotechnology
suite,expense
incentive,boost
beverage,grain
studio,contingent
control,broadband
residential,speak
crude,sauce
count,carbon
reveal,impose
gallery,preliminary
woman,suitor
easy,litigation
career,oppose
earn,payment
official,debut
convert,unusual
common,fill
operation,tennis
concern,department
bogey,donation
expensive,endanger
street,appropriate
injury,opposition
course,profitable
make,subsidiary
town,slowdown
general,stockholder
booming,friend
stint,labor
structural,trade
threshold,cable
raid,action
seasonal,color
conversation,narrow
champion,brother
giant,manage
responsibility,soon
regular,obligation
free,royalty
ceiling,method
exactly,surgeon
initiative,password
church,kidney
garden,postpone
future,survival
resident,greenhouse
dynamic,achieve
remind,weight
heart,mask
adopt,session
cafe,airline
engineering,confidence
transport,conservative
boast,party
rapid,listing
identify,manipulation
warrant,resort
murder,period
footwear,commit
spotlight,musician
employment,auto
turn,push
highly,historical
pricing,protocol
collect,launch
history,consolidation
double,nuclear
secret,personally
drive,depreciation
couple,homeowner
invest,money
spokeswoman,hunt
dining,allegation
season,workout
commercial,hear
sign,recreational
victory,huge
missile,lengthy
cotton,infusion
globally,ballot
supply,anticipate
downgrade,independent
consume,plummet
wind,hype
hard,call
designer,appliance
life,widespread
pressure,instrument
office,warehouse
plead,sharp
draw,spike
professor,shooting
read,comparison
radio,climate
account,athletic
master,surpass
explode,occur
essentially,nursing
paint,know
server,opponent
touchdown,detailed
pretty,surge
adapt,route
complex,recommendation
mind,soar
strategy,hand
trucking,cash
keen,grid
kind,oversee
analysis,provide
reinforce,controller
absence,county
real,covenant
feed,crash
mirror,setback
aircraft,humor
soap,allege
automate,fitness
geographic,file
blast,craft
tall,breakup
round,chronic
eliminate,operator
spread,attendant
document,swim
mall,punish
square,compact
piece,suggestion
possibly,enforcement
manufacturing,virtual
management,divest
accessible,modify
express,inherit
instal,hamper
quarter,reversal
coach,reap
spray,publishing
skeptical,element
rain,reporter
drill,timing
white,outdoor
popular,mechanic
wine,uniform
display,consent
mistake,enlarge
sound,execution
cargo,talented
terminal,adverse
advantage,worth
culture,abandon
conduct,phrase
date,psychology
place,bust
salary,bakery
invent,infringement
clearly,wear
space,capitalization
hacker,reorganize
client,incoming
carry,rumor
assistant,proponent
suicide,solve
pump,inspector
band,dominant
calculate,scanner
durable,belt
infrastructure,basketball
example,separately
zone,ease
experiment,daily
gradually,leasing
storm,adequate
private,telephone
neighbor,departure
judge,week
minister,frozen
charity,fighter
prominent,ownership
organisation,downturn
female,dose
dead,anti
afford,identity
excuse,proceed
quarterback,prompt
optic,academic
fragrance,affiliate
replacement,copyright
case,probe
sophisticated,consecutive
brick,standard
aisle,struggle
tunnel,significantly
historic,programming
eligible,tourist
advisory,fleet
tower,negotiate
stay,vision
speech,emphasize
agent,overseas
bedroom,formula
joke,criminal
momentum,entry
marriage,cent
relationship,bidder
firmly,annualize
pull,love
vault,smoking
advanced,capture
taxpayer,amortization
tough,turnaround
soldier,border
inject,dismiss
locate,subject
walk,help
dental,fundamental
selection,inflate
overwhelming,largely
chew,flexibility
abuse,motorcycle
amount,rescue
temporary,preferred
complement,title
tape,bike
snag,proceeding
notch,screening
inflow,upbeat
consultancy,worsen
balance,mold
voter,repurchase
broadcast,excess
safe,stress
arguably,practical
child,trim
fight,overweight
observer,bacteria
resume,promoter
wheat,assess
worry,jacket
tournament,sour
costly,destination
margin,accrue
pound,flier
gasoline,lineup
handful,editorial
wealth,initiate
airplane,standing
tree,billing
section,fetch
council,photo
borrowing,protein
pursue,reply
implement,mislead
specialize,confirmation
fish,popularity
lend,wrap
type,flower
partial,engage
scramble,reopen
extra,capitalize
sponsorship,bode
theft,placement
miner,fierce
narrative,experience
immediate,wake
twin,music
entirely,present
health,supplement
aerospace,caution
mobile,hardly
accelerate,triple
role,burden
science,copy
split,invention
withdrawal,necessary
citizen,folk
physician,expenditure
southern,tension
transparency,unsure
impossible,severance
playoff,reasonable
gradual,fiction
resurgence,stockpile
database,slack
mayor,math
strengthen,skeptic
rare,bankrupt
ordinary,criticise
hole,auditor
smooth,rebuild
photograph,ethical
beauty,plug
ceremony,collapse
deputy,attract
prison,student
modest,arrangement
garage,basis
recall,nominate
understand,inform
final,gambler
refuse,elaborate
layer,viewer
offense,cyber
composer,financially
favorable,gaming
concert,injection
wave,bride
depth,portal
holder,cutting
aluminum,typical
shirt,memo
unexpected,convertible
staple,indoor
hide,leather
underlie,talk
unique,beer
desktop,orbit
fiscal,sclerosis
logic,minute
forum,scenario
assemble,literary
nearby,sacrifice
historically,gobble
wall,gauge
await,goodwill
appreciate,visible
fire,trail
crew,termination
columnist,documentary
situation,repayment
agriculture,voucher
want,fret
cellular,negotiating
restaurant,prediction
graphic,bargain
formal,remarkable
successor,imply
hair,carmaker
sheet,athlete
tourism,bone
message,deficiency
sensor,merchandising
pitch,population
weather,basket
hack,selloff
night,resistant
expertise,personnel
crisis,touch
mention,circumstance
haven,impressive
legislature,arrival
thin,spill
opportunity,subway
beta,advertiser
chat,broadcaster
shopping,pipeline
completely,collateral
iron,inch
notably,theory
clip,forthcoming
rural,enhanced
numerous,servicing
dominance,motion
obvious,genome
email,discover
philanthropy,cancel
deploy,nomination
vacancy,primarily
enrollment,clothe
jean,brief
stance,gadget
player,casualty
volatile,hurdle
mushroom,instant
disposable,apart
clothing,perk
transfer,coin
tight,deliver
revolution,hammer
country,immediately
mega,interim
compatible,cousin
underground,sizable
guilty,frustrate
clinic,compensate
normal,sort
contend,flurry
pain,calendar
inning,poison
strength,console
organic,potato
satisfaction,nice
proxy,retailing
remember,placebo
label,failure
boomer,maturity
warn,tune
stall,wipe
brake,loyalty
modern,scientist
bicycle,niche
fine,favorite
translate,sequel
encouraging,territory
cellphone,relax
fade,drag
grade,extraordinary
catalog,true
blue,recession
weekend,attractive
literally,language
sense,antitrust
chicken,decrease
minimum,disappointed
chocolate,found
digit,matter
warning,grant
officiate,batter
procedure,secure
telecoms,injunction
sink,recycle
comic,song
adoption,comfortable
province,critical
juice,boat
sustainable,fairly
unfair,especially
deduction,bundle
childhood,liberal
layout,weapon
sampling,select
convenience,avoid
clot,integration
acknowledge,workforce
steadily,thing
progressive,ambition
anchor,meal
dent,stem
immigration,maintain
exclusive,actual
offensive,deterioration
impressed,thought
defect,tribe
pond,offset
pose,demonstrate
microprocessor,stability
donate,informal
tanker,diligence
concede,billboard
weakness,proud
bookstore,temperature
sensitive,interface
western,underwater
worried,successfully
technique,backing
thrift,pleasant
reluctant,unsuccessful
diaper,promising
foster,classic
generally,magazine
cholesterol,vest
congestion,acute
conversion,permanently
overhaul,stack
coffee,scrutinize
youth,router
preside,curve
refinance,funny
trend,cure
redeem,assurance
succession,endorse
implementation,chamber
broaden,farmer
drop,wholesale
intention,programmer
intensive,sandwich
poor,abroad
widen,congressional
photographer,collaborate
flexible,outline
pulp,conspiracy
govern,organ
cutback,mainstream
treasurer,rejection
mature,intent
memorial,surprised
faith,summer
agricultural,relation
pledge,quiet
sample,idle
lifestyle,backup
propel,legislative
wallet,wisdom
washing,antibiotic
gate,taking
endure,refurbish
guideline,severely
north,dive
beneficial,appreciation
journalist,commuter
sportswear,constraint
laser,necessarily
super,financier
prepare,indictment
approach,resist
alter,entity
endowment,naturally
nutrition,disk
staffer,certificate
midsize,cancellation
dispose,celebration
underwriting,blackout
justice,salesman
parking,democracy
listener,balloon
devote,recruiting
productive,drawer
compound,fabric
contracting,hydrogen
powerhouse,inappropriate
authority,analyze
replicate,truly
liquidation,bind
usual,subsequent
sideline,penny
pediatric,hamburger
architect,nonetheless
equip,pack
disruption,useful
bread,sick
decor,allegedly
custody,merely
underestimate,detect
dangerous,import
realise,internationally
adventure,maximum
backer,cloud
rational,buzz
rarely,installation
experienced,flee
residence,guidance
refer,landing
alive,half
planned,speaker
comeback,cooking
dedicate,unchanged
island,extremely
publication,motor
entitle,refocus
inside,loophole
spring,animate
oral,waive
justify,reduction
explain,diversity
annuity,quadruple
dial,hefty
injure,disappoint
expose,bolster
risky,initially
bold,simultaneously
preserve,prize
annual,phase
certify,meaningful
threat,turf
powerful,direction
alumnus,convict
exam,starting
landmark,perspective
observe,tradition
economically,golden
emotion,costume
bottler,investing
flop,apparently
adjacent,pocket
respondent,renew
breed,unprecedented
innovative,makeup
fantasy,percent
dark,oversight
renewable,renovate
visa,bell
tremendous,elimination
boutique,king
turnout,pleased
weaken,mineral
permission,inspire
wire,chunk
basement,lieu
reminder,intellectual
press,limited
physical,freedom
lady,wheel
steelmaker,perfectly
scandal,extreme
participation,skate
curb,delegate
choose,obstacle
caption,actress
proper,bowl
sentence,ethnic
animation,oust
inflammatory,bombing
batch,jobless
licence,shortfall
logo,negotiator
prove,possess
insight,similarly
golfer,troubled
counselor,certainty
apparent,ample
remove,ambitious
journal,disappear
massive,belief
everyday,underpin
protective,accompany
pricey,solicit
barrier,underwrite
crucial,poise
constant,cook
lack,alarm
male,deployment
running,reasonably
sweep,bias
teller,dancer
array,conflict
renovation,soften
technological,lately
marker,truth
branding,referral
argue,window
salad,airwave
dean,tighten
revival,slowly
theater,drastically
classical,statue
sufficient,milestone
paycheck,hall
skirt,awareness
beloved,height
routinely,mess
pregnancy,accuracy
knee,damp
praise,authorization
regret,sedan
tenant,dash
severe,wary
jewelry,urgent
rapidly,underscore
allocation,cater
confusion,mission
presidency,consult
encompass,slam
downside,complementary
hurricane,roadside
enjoy,formidable
mixed,officially
footprint,forge
dock,favor
suburban,fixture
rough,confidential
perceive,voting
working,emotional
aside,statistic
continued,hook
verdict,click
sharing,impairment
outrage,nickname
behalf,length
publicity,metric
obviously,apple
liver,streamline
devoted,aggressively
green,viral
attach,rage
attention,pickup
spinal,feedback
hometown,aesthetic
merit,doubt
roster,object
refugee,explanation
reshape,vary
valuable,exploit
playwright,confront
